filename,width,height,class,xmin,ymin,xmax,ymax
cardboard1.jpg,512,384,cardboard,1,1,512,384
cardboard10.jpg,512,384,cardboard,1,1,512,384
cardboard100.jpg,512,384,cardboard,1,1,512,384
cardboard101.jpg,512,384,cardboard,1,1,512,384
cardboard102.jpg,512,384,cardboard,1,1,512,384
cardboard103.jpg,512,384,cardboard,1,1,512,384
cardboard104.jpg,512,384,cardboard,1,1,512,384
cardboard105.jpg,512,384,cardboard,1,1,512,384
cardboard106.jpg,512,384,cardboard,1,1,512,384
cardboard107.jpg,512,384,cardboard,1,1,512,384
cardboard108.jpg,512,384,cardboard,1,1,512,384
cardboard109.jpg,512,384,cardboard,76,1,512,384
cardboard11.jpg,512,384,cardboard,1,6,512,384
cardboard110.jpg,512,384,cardboard,1,1,512,384
cardboard111.jpg,512,384,cardboard,1,1,512,384
cardboard112.jpg,512,384,cardboard,5,153,489,384
cardboard113.jpg,512,384,cardboard,1,1,512,384
cardboard114.jpg,512,384,cardboard,1,1,481,384
cardboard115.jpg,512,384,cardboard,1,1,512,384
cardboard116.jpg,512,384,cardboard,1,1,474,303
cardboard117.jpg,512,384,cardboard,1,1,512,384
cardboard118.jpg,512,384,cardboard,1,25,505,384
cardboard119.jpg,512,384,cardboard,7,13,506,353
cardboard12.jpg,512,384,cardboard,1,1,512,384
cardboard120.jpg,512,384,cardboard,1,109,512,384
cardboard121.jpg,512,384,cardboard,1,1,512,384
cardboard122.jpg,512,384,cardboard,1,1,512,384
cardboard123.jpg,512,384,cardboard,1,40,512,384
cardboard124.jpg,512,384,cardboard,19,1,512,337
cardboard125.jpg,512,384,cardboard,1,1,481,384
cardboard126.jpg,512,384,cardboard,1,1,512,384
cardboard127.jpg,512,384,cardboard,1,1,512,384
cardboard128.jpg,512,384,cardboard,1,1,467,300
cardboard129.jpg,512,384,cardboard,1,1,512,384
cardboard13.jpg,512,384,cardboard,1,1,512,384
cardboard130.jpg,512,384,cardboard,40,39,465,339
cardboard131.jpg,512,384,cardboard,130,16,476,384
cardboard132.jpg,512,384,cardboard,88,65,382,309
cardboard133.jpg,512,384,cardboard,94,76,356,330
cardboard134.jpg,512,384,cardboard,102,50,347,336
cardboard135.jpg,512,384,cardboard,1,1,512,384
cardboard136.jpg,512,384,cardboard,136,71,314,267
cardboard137.jpg,512,384,cardboard,141,109,338,245
cardboard138.jpg,512,384,cardboard,1,1,512,384
cardboard139.jpg,512,384,cardboard,1,1,512,384
cardboard14.jpg,512,384,cardboard,1,1,512,384
cardboard140.jpg,512,384,cardboard,1,1,422,280
cardboard141.jpg,512,384,cardboard,1,1,512,384
cardboard142.jpg,512,384,cardboard,82,74,378,293
cardboard143.jpg,512,384,cardboard,79,32,350,339
cardboard144.jpg,512,384,cardboard,85,113,380,350
cardboard145.jpg,512,384,cardboard,126,35,368,361
cardboard146.jpg,512,384,cardboard,1,1,438,384
cardboard147.jpg,512,384,cardboard,1,1,412,384
cardboard148.jpg,512,384,cardboard,1,1,459,384
cardboard149.jpg,512,384,cardboard,1,1,441,384
cardboard15.jpg,512,384,cardboard,1,1,512,384
cardboard150.jpg,512,384,cardboard,147,161,367,316
cardboard151.jpg,512,384,cardboard,141,119,294,279
cardboard152.jpg,512,384,cardboard,172,125,336,315
cardboard153.jpg,512,384,cardboard,76,43,401,338
cardboard154.jpg,512,384,cardboard,65,49,379,349
cardboard155.jpg,512,384,cardboard,1,1,512,384
cardboard156.jpg,512,384,cardboard,1,1,512,384
cardboard157.jpg,512,384,cardboard,1,1,512,384
cardboard158.jpg,512,384,cardboard,1,1,512,384
cardboard159.jpg,512,384,cardboard,1,1,512,384
cardboard16.jpg,512,384,cardboard,1,1,477,384
cardboard160.jpg,512,384,cardboard,1,1,512,384
cardboard161.jpg,512,384,cardboard,1,1,512,278
cardboard162.jpg,512,384,cardboard,1,1,512,384
cardboard163.jpg,512,384,cardboard,17,46,453,369
cardboard164.jpg,512,384,cardboard,54,1,512,384
cardboard165.jpg,512,384,cardboard,1,1,512,384
cardboard166.jpg,512,384,cardboard,1,1,422,384
cardboard167.jpg,512,384,cardboard,1,118,451,343
cardboard168.jpg,512,384,cardboard,7,70,497,320
cardboard169.jpg,512,384,cardboard,63,132,368,313
cardboard17.jpg,512,384,cardboard,1,1,512,384
cardboard170.jpg,512,384,cardboard,88,69,372,307
cardboard171.jpg,512,384,cardboard,144,139,381,267
cardboard172.jpg,512,384,cardboard,89,37,432,368
cardboard173.jpg,512,384,cardboard,56,99,387,331
cardboard174.jpg,512,384,cardboard,1,19,483,384
cardboard175.jpg,512,384,cardboard,27,1,497,384
cardboard176.jpg,512,384,cardboard,1,1,471,380
cardboard177.jpg,512,384,cardboard,1,1,463,384
cardboard178.jpg,512,384,cardboard,1,1,379,384
cardboard179.jpg,512,384,cardboard,54,26,417,384
cardboard18.jpg,512,384,cardboard,1,1,512,384
cardboard180.jpg,512,384,cardboard,1,33,455,384
cardboard181.jpg,512,384,cardboard,1,1,480,384
cardboard182.jpg,512,384,cardboard,1,1,457,384
cardboard183.jpg,512,384,cardboard,31,1,512,384
cardboard184.jpg,512,384,cardboard,16,14,512,310
cardboard185.jpg,512,384,cardboard,5,57,512,335
cardboard186.jpg,512,384,cardboard,1,24,503,367
cardboard187.jpg,512,384,cardboard,13,1,434,384
cardboard188.jpg,512,384,cardboard,80,1,404,384
cardboard189.jpg,512,384,cardboard,1,1,442,384
cardboard19.jpg,512,384,cardboard,1,1,512,384
cardboard190.jpg,512,384,cardboard,30,22,462,372
cardboard191.jpg,512,384,cardboard,16,1,499,384
cardboard192.jpg,512,384,cardboard,1,1,512,384
cardboard193.jpg,512,384,cardboard,1,27,493,322
cardboard194.jpg,512,384,cardboard,8,38,503,330
cardboard195.jpg,512,384,cardboard,57,1,429,381
cardboard196.jpg,512,384,cardboard,82,1,512,384
cardboard197.jpg,512,384,cardboard,1,59,484,384
cardboard198.jpg,512,384,cardboard,4,1,446,384
cardboard199.jpg,512,384,cardboard,3,34,456,319
cardboard2.jpg,512,384,cardboard,1,1,512,384
cardboard20.jpg,512,384,cardboard,1,1,512,384
cardboard200.jpg,512,384,cardboard,12,49,512,379
cardboard201.jpg,512,384,cardboard,59,1,408,370
cardboard202.jpg,512,384,cardboard,102,1,344,384
cardboard203.jpg,512,384,cardboard,98,35,418,384
cardboard204.jpg,512,384,cardboard,33,11,422,384
cardboard205.jpg,512,384,cardboard,18,4,400,365
cardboard206.jpg,512,384,cardboard,1,1,450,384
cardboard207.jpg,512,384,cardboard,35,1,478,384
cardboard208.jpg,512,384,cardboard,9,42,512,312
cardboard209.jpg,512,384,cardboard,1,22,493,384
cardboard21.jpg,512,384,cardboard,1,1,512,384
cardboard210.jpg,512,384,cardboard,1,1,457,384
cardboard211.jpg,512,384,cardboard,3,42,490,356
cardboard212.jpg,512,384,cardboard,66,1,384,380
cardboard213.jpg,512,384,cardboard,13,20,383,384
cardboard214.jpg,512,384,cardboard,101,1,321,384
cardboard215.jpg,512,384,cardboard,25,35,370,347
cardboard216.jpg,512,384,cardboard,122,96,326,285
cardboard217.jpg,512,384,cardboard,118,99,341,310
cardboard218.jpg,512,384,cardboard,92,80,281,318
cardboard219.jpg,512,384,cardboard,19,6,340,374
cardboard22.jpg,512,384,cardboard,1,1,512,384
cardboard220.jpg,512,384,cardboard,36,68,310,368
cardboard221.jpg,512,384,cardboard,1,1,512,384
cardboard222.jpg,512,384,cardboard,1,1,512,384
cardboard223.jpg,512,384,cardboard,1,1,512,384
cardboard224.jpg,512,384,cardboard,1,1,512,384
cardboard225.jpg,512,384,cardboard,1,1,512,384
cardboard226.jpg,512,384,cardboard,1,1,512,384
cardboard227.jpg,512,384,cardboard,1,1,512,384
cardboard228.jpg,512,384,cardboard,1,1,470,384
cardboard229.jpg,512,384,cardboard,1,1,489,297
cardboard23.jpg,512,384,cardboard,1,1,512,384
cardboard230.jpg,512,384,cardboard,1,1,512,384
cardboard231.jpg,512,384,cardboard,1,1,512,384
cardboard232.jpg,512,384,cardboard,1,1,512,384
cardboard233.jpg,512,384,cardboard,1,1,512,384
cardboard234.jpg,512,384,cardboard,1,1,512,384
cardboard235.jpg,512,384,cardboard,1,1,512,384
cardboard236.jpg,512,384,cardboard,1,1,512,384
cardboard237.jpg,512,384,cardboard,1,1,512,384
cardboard238.jpg,512,384,cardboard,73,45,456,333
cardboard239.jpg,512,384,cardboard,1,7,512,384
cardboard24.jpg,512,384,cardboard,1,1,512,384
cardboard240.jpg,512,384,cardboard,1,1,512,384
cardboard241.jpg,512,384,cardboard,1,1,512,384
cardboard242.jpg,512,384,cardboard,1,1,512,384
cardboard243.jpg,512,384,cardboard,1,1,512,384
cardboard244.jpg,512,384,cardboard,1,1,512,384
cardboard245.jpg,512,384,cardboard,1,1,512,384
cardboard246.jpg,512,384,cardboard,18,1,512,384
cardboard247.jpg,512,384,cardboard,1,1,512,384
cardboard248.jpg,512,384,cardboard,1,1,512,384
cardboard249.jpg,512,384,cardboard,1,1,512,384
cardboard25.jpg,512,384,cardboard,1,1,512,384
cardboard250.jpg,512,384,cardboard,1,1,512,384
cardboard251.jpg,512,384,cardboard,1,1,512,384
cardboard252.jpg,512,384,cardboard,1,1,512,384
cardboard253.jpg,512,384,cardboard,1,1,512,384
cardboard254.jpg,512,384,cardboard,1,1,512,384
cardboard255.jpg,512,384,cardboard,1,1,512,384
cardboard256.jpg,512,384,cardboard,1,1,512,384
cardboard257.jpg,512,384,cardboard,1,1,473,384
cardboard258.jpg,512,384,cardboard,1,1,512,384
cardboard259.jpg,512,384,cardboard,1,1,512,384
cardboard26.jpg,512,384,cardboard,1,1,512,384
cardboard260.jpg,512,384,cardboard,1,1,512,384
cardboard261.jpg,512,384,cardboard,1,1,512,384
cardboard262.jpg,512,384,cardboard,1,1,512,384
cardboard263.jpg,512,384,cardboard,1,1,512,384
cardboard264.jpg,512,384,cardboard,1,1,512,384
cardboard265.jpg,512,384,cardboard,1,1,512,384
cardboard266.jpg,512,384,cardboard,1,1,512,384
cardboard267.jpg,512,384,cardboard,1,1,512,384
cardboard268.jpg,512,384,cardboard,1,1,512,384
cardboard269.jpg,512,384,cardboard,1,1,512,384
cardboard27.jpg,512,384,cardboard,1,1,512,384
cardboard270.jpg,512,384,cardboard,1,1,512,384
cardboard271.jpg,512,384,cardboard,1,1,512,384
cardboard272.jpg,512,384,cardboard,1,1,512,384
cardboard273.jpg,512,384,cardboard,1,1,512,384
cardboard274.jpg,512,384,cardboard,1,1,512,384
cardboard275.jpg,512,384,cardboard,11,1,512,316
cardboard276.jpg,512,384,cardboard,1,1,512,384
cardboard277.jpg,512,384,cardboard,1,1,512,384
cardboard278.jpg,512,384,cardboard,1,1,512,384
cardboard279.jpg,512,384,cardboard,1,1,512,384
cardboard28.jpg,512,384,cardboard,1,155,512,384
cardboard280.jpg,512,384,cardboard,1,1,512,384
cardboard281.jpg,512,384,cardboard,1,1,512,384
cardboard282.jpg,512,384,cardboard,1,1,512,384
cardboard283.jpg,512,384,cardboard,1,1,512,384
cardboard284.jpg,512,384,cardboard,1,1,512,384
cardboard285.jpg,512,384,cardboard,1,1,512,384
cardboard286.jpg,512,384,cardboard,56,15,512,384
cardboard287.jpg,512,384,cardboard,1,1,512,384
cardboard288.jpg,512,384,cardboard,32,1,512,384
cardboard289.jpg,512,384,cardboard,1,1,512,384
cardboard29.jpg,512,384,cardboard,1,1,512,384
cardboard290.jpg,512,384,cardboard,1,1,512,384
cardboard291.jpg,512,384,cardboard,1,1,512,384
cardboard292.jpg,512,384,cardboard,1,1,512,384
cardboard293.jpg,512,384,cardboard,1,1,512,384
cardboard294.jpg,512,384,cardboard,83,1,450,384
cardboard295.jpg,512,384,cardboard,1,1,352,384
cardboard296.jpg,512,384,cardboard,28,1,384,273
cardboard297.jpg,512,384,cardboard,1,1,512,384
cardboard298.jpg,512,384,cardboard,1,1,512,384
cardboard299.jpg,512,384,cardboard,1,1,512,384
cardboard3.jpg,512,384,cardboard,1,1,512,384
cardboard30.jpg,512,384,cardboard,1,1,512,384
cardboard300.jpg,512,384,cardboard,1,1,512,384
cardboard301.jpg,512,384,cardboard,1,1,512,384
cardboard302.jpg,512,384,cardboard,1,1,512,384
cardboard303.jpg,512,384,cardboard,1,1,512,384
cardboard304.jpg,512,384,cardboard,1,1,512,384
cardboard305.jpg,512,384,cardboard,1,1,512,384
cardboard306.jpg,512,384,cardboard,1,1,512,384
cardboard307.jpg,512,384,cardboard,1,1,512,384
cardboard308.jpg,512,384,cardboard,1,1,512,384
cardboard309.jpg,512,384,cardboard,1,1,512,255
cardboard31.jpg,512,384,cardboard,1,1,512,384
cardboard310.jpg,512,384,cardboard,1,1,512,384
cardboard311.jpg,512,384,cardboard,1,1,512,384
cardboard312.jpg,512,384,cardboard,1,1,512,384
cardboard313.jpg,512,384,cardboard,1,1,512,384
cardboard314.jpg,512,384,cardboard,134,1,512,384
cardboard315.jpg,512,384,cardboard,1,1,512,384
cardboard316.jpg,512,384,cardboard,1,1,512,384
cardboard317.jpg,512,384,cardboard,1,1,512,384
cardboard318.jpg,512,384,cardboard,1,1,512,384
cardboard319.jpg,512,384,cardboard,1,1,512,384
cardboard32.jpg,512,384,cardboard,1,1,512,384
cardboard320.jpg,512,384,cardboard,1,1,512,384
cardboard321.jpg,512,384,cardboard,1,1,512,384
cardboard322.jpg,512,384,cardboard,1,1,512,384
cardboard33.jpg,512,384,cardboard,1,109,512,384
cardboard34.jpg,512,384,cardboard,1,1,512,384
cardboard35.jpg,512,384,cardboard,1,1,512,384
cardboard36.jpg,512,384,cardboard,1,1,512,384
cardboard37.jpg,512,384,cardboard,1,1,512,384
cardboard38.jpg,512,384,cardboard,1,1,512,384
cardboard39.jpg,512,384,cardboard,1,1,512,384
cardboard4.jpg,512,384,cardboard,1,1,512,384
cardboard40.jpg,512,384,cardboard,1,1,512,384
cardboard41.jpg,512,384,cardboard,53,26,509,254
cardboard42.jpg,512,384,cardboard,1,1,428,384
cardboard43.jpg,512,384,cardboard,103,1,512,384
cardboard44.jpg,512,384,cardboard,1,1,512,384
cardboard45.jpg,512,384,cardboard,1,1,512,384
cardboard46.jpg,512,384,cardboard,1,1,512,384
cardboard47.jpg,512,384,cardboard,1,1,512,384
cardboard48.jpg,512,384,cardboard,1,1,512,384
cardboard49.jpg,512,384,cardboard,111,1,512,384
cardboard5.jpg,512,384,cardboard,1,1,512,384
cardboard50.jpg,512,384,cardboard,1,1,512,384
cardboard51.jpg,512,384,cardboard,1,1,512,384
cardboard52.jpg,512,384,cardboard,1,1,512,384
cardboard53.jpg,512,384,cardboard,1,1,512,384
cardboard54.jpg,512,384,cardboard,1,1,377,384
cardboard55.jpg,512,384,cardboard,1,1,512,384
cardboard56.jpg,512,384,cardboard,1,1,512,384
cardboard57.jpg,512,384,cardboard,1,1,512,384
cardboard58.jpg,512,384,cardboard,1,1,512,384
cardboard59.jpg,512,384,cardboard,1,1,512,384
cardboard6.jpg,512,384,cardboard,1,1,512,384
cardboard60.jpg,512,384,cardboard,1,1,512,384
cardboard61.jpg,512,384,cardboard,1,1,512,384
cardboard62.jpg,512,384,cardboard,1,1,512,384
cardboard63.jpg,512,384,cardboard,1,1,512,384
cardboard64.jpg,512,384,cardboard,1,1,512,384
cardboard65.jpg,512,384,cardboard,1,1,512,384
cardboard66.jpg,512,384,cardboard,1,1,512,384
cardboard67.jpg,512,384,cardboard,1,1,512,384
cardboard68.jpg,512,384,cardboard,1,1,512,384
cardboard69.jpg,512,384,cardboard,1,1,512,384
cardboard7.jpg,512,384,cardboard,1,1,512,384
cardboard70.jpg,512,384,cardboard,1,1,512,384
cardboard71.jpg,512,384,cardboard,1,1,512,384
cardboard72.jpg,512,384,cardboard,1,1,512,384
cardboard73.jpg,512,384,cardboard,1,1,512,384
cardboard74.jpg,512,384,cardboard,1,1,512,384
cardboard75.jpg,512,384,cardboard,1,1,512,384
cardboard76.jpg,512,384,cardboard,1,1,512,384
cardboard77.jpg,512,384,cardboard,1,1,512,384
cardboard78.jpg,512,384,cardboard,1,1,512,384
cardboard79.jpg,512,384,cardboard,1,1,512,384
cardboard8.jpg,512,384,cardboard,1,1,512,384
cardboard80.jpg,512,384,cardboard,1,1,512,384
cardboard81.jpg,512,384,cardboard,1,1,432,384
cardboard82.jpg,512,384,cardboard,1,1,512,384
cardboard83.jpg,512,384,cardboard,1,1,512,384
cardboard84.jpg,512,384,cardboard,1,1,512,384
cardboard85.jpg,512,384,cardboard,21,2,512,384
cardboard86.jpg,512,384,cardboard,1,1,512,384
cardboard87.jpg,512,384,cardboard,1,1,512,384
cardboard88.jpg,512,384,cardboard,1,1,512,384
cardboard89.jpg,512,384,cardboard,1,1,512,384
cardboard9.jpg,512,384,cardboard,1,1,512,384
cardboard90.jpg,512,384,cardboard,1,1,512,384
cardboard91.jpg,512,384,cardboard,1,1,512,384
cardboard92.jpg,512,384,cardboard,1,1,512,384
cardboard93.jpg,512,384,cardboard,1,1,490,384
cardboard94.jpg,512,384,cardboard,1,1,412,384
cardboard95.jpg,512,384,cardboard,1,1,512,384
cardboard96.jpg,512,384,cardboard,1,1,512,384
cardboard97.jpg,512,384,cardboard,1,1,495,384
cardboard98.jpg,512,384,cardboard,1,1,512,384
cardboard99.jpg,512,384,cardboard,1,61,512,313
glass1.jpg,512,384,glass,209,176,438,321
glass10.jpg,512,384,glass,44,264,512,384
glass100.jpg,512,384,glass,28,106,487,311
glass100.jpg,512,384,metal,20,186,41,241
glass101.jpg,512,384,glass,163,22,446,384
glass102.jpg,512,384,glass,67,107,417,249
glass103.jpg,512,384,glass,184,1,425,384
glass104.jpg,512,384,glass,1,38,464,193
glass105.jpg,512,384,glass,156,95,397,384
glass106.jpg,512,384,glass,170,1,315,352
glass107.jpg,512,384,glass,188,1,440,384
glass108.jpg,512,384,glass,122,95,371,295
glass109.jpg,512,384,glass,120,1,512,353
glass11.jpg,512,384,glass,58,88,447,293
glass110.jpg,512,384,glass,105,59,377,384
glass111.jpg,512,384,glass,114,39,406,319
glass112.jpg,512,384,glass,76,178,441,384
glass113.jpg,512,384,glass,46,137,446,253
glass114.jpg,512,384,glass,149,78,481,384
glass115.jpg,512,384,glass,200,111,313,224
glass116.jpg,512,384,glass,1,94,383,312
glass117.jpg,512,384,glass,91,1,512,333
glass118.jpg,512,384,glass,1,35,512,240
glass119.jpg,512,384,glass,82,1,352,384
glass12.jpg,512,384,glass,54,74,321,224
glass120.jpg,512,384,glass,251,105,512,384
glass121.jpg,512,384,glass,1,51,512,274
glass122.jpg,512,384,glass,1,1,328,380
glass123.jpg,512,384,glass,53,1,435,253
glass124.jpg,512,384,glass,1,77,460,291
glass125.jpg,512,384,glass,23,137,512,289
glass126.jpg,512,384,glass,145,1,512,384
glass127.jpg,512,384,glass,220,124,323,227
glass127.jpg,512,384,metal,239,140,318,215
glass128.jpg,512,384,glass,33,63,512,256
glass129.jpg,512,384,glass,180,1,512,384
glass13.jpg,512,384,glass,72,84,303,295
glass130.jpg,512,384,glass,141,92,512,298
glass131.jpg,512,384,glass,128,1,412,279
glass131.jpg,512,384,metal,267,218,420,308
glass132.jpg,512,384,glass,173,116,315,259
glass132.jpg,512,384,metal,181,129,282,230
glass133.jpg,512,384,glass,175,53,512,384
glass134.jpg,512,384,glass,153,153,512,384
glass135.jpg,512,384,glass,97,67,402,259
glass136.jpg,512,384,glass,188,76,364,384
glass137.jpg,512,384,glass,1,121,383,305
glass138.jpg,512,384,glass,52,53,366,384
glass139.jpg,512,384,glass,1,1,512,384
glass14.jpg,512,384,glass,179,131,329,246
glass140.jpg,512,384,glass,119,103,325,255
glass141.jpg,512,384,glass,26,1,319,362
glass141.jpg,512,384,metal,1,1,178,378
glass142.jpg,512,384,glass,60,1,468,384
glass143.jpg,512,384,glass,1,102,512,360
glass144.jpg,512,384,glass,136,46,354,346
glass145.jpg,512,384,glass,1,117,512,351
glass146.jpg,512,384,glass,177,1,373,384
glass147.jpg,512,384,glass,107,65,312,217
glass148.jpg,512,384,glass,27,90,452,384
glass149.jpg,512,384,glass,1,74,512,207
glass15.jpg,512,384,glass,105,118,305,273
glass150.jpg,512,384,glass,39,34,377,330
glass151.jpg,512,384,glass,1,100,512,352
glass152.jpg,512,384,glass,60,113,480,260
glass152.jpg,512,384,metal,54,176,71,223
glass153.jpg,512,384,glass,121,32,382,294
glass154.jpg,512,384,glass,203,1,479,384
glass155.jpg,512,384,glass,98,123,512,336
glass156.jpg,512,384,glass,1,7,512,384
glass157.jpg,512,384,glass,1,1,408,384
glass158.jpg,512,384,glass,168,98,453,384
glass159.jpg,512,384,glass,170,68,356,384
glass16.jpg,512,384,glass,98,53,289,201
glass160.jpg,512,384,glass,134,72,397,323
glass161.jpg,512,384,glass,82,136,376,234
glass162.jpg,512,384,glass,112,88,458,384
glass163.jpg,512,384,glass,1,13,310,339
glass164.jpg,512,384,glass,188,37,512,384
glass165.jpg,512,384,glass,1,1,407,234
glass166.jpg,512,384,glass,49,150,392,255
glass167.jpg,512,384,glass,17,63,351,363
glass168.jpg,512,384,glass,175,58,424,301
glass169.jpg,512,384,glass,150,50,401,323
glass169.jpg,512,384,metal,139,34,240,123
glass17.jpg,512,384,glass,1,59,495,299
glass170.jpg,512,384,glass,138,97,326,284
glass170.jpg,512,384,metal,145,114,313,281
glass171.jpg,512,384,glass,101,96,389,277
glass171.jpg,512,384,metal,364,108,406,225
glass172.jpg,512,384,glass,155,121,477,271
glass173.jpg,512,384,glass,162,131,354,323
glass174.jpg,512,384,glass,1,1,429,384
glass175.jpg,512,384,glass,162,140,311,288
glass176.jpg,512,384,glass,1,1,512,296
glass177.jpg,512,384,glass,1,92,464,326
glass178.jpg,512,384,glass,122,126,283,214
glass179.jpg,512,384,glass,1,109,427,384
glass18.jpg,512,384,glass,24,159,512,332
glass180.jpg,512,384,glass,47,128,281,261
glass181.jpg,512,384,glass,9,187,463,296
glass182.jpg,512,384,glass,170,113,284,227
glass182.jpg,512,384,metal,160,104,255,198
glass183.jpg,512,384,glass,140,118,273,242
glass184.jpg,512,384,glass,152,1,512,313
glass185.jpg,512,384,glass,81,35,463,303
glass185.jpg,512,384,metal,46,51,148,306
glass186.jpg,512,384,metal,83,40,430,384
glass187.jpg,512,384,glass,79,114,295,244
glass188.jpg,512,384,glass,128,78,272,283
glass189.jpg,512,384,glass,227,1,512,270
glass19.jpg,512,384,glass,33,104,512,384
glass190.jpg,512,384,glass,123,117,397,384
glass190.jpg,512,384,metal,1,105,263,384
glass191.jpg,512,384,glass,120,129,281,240
glass192.jpg,512,384,glass,1,1,512,307
glass192.jpg,512,384,metal,54,185,483,345
glass193.jpg,512,384,glass,143,87,324,249
glass194.jpg,512,384,glass,76,111,302,235
glass195.jpg,512,384,glass,70,34,403,366
glass196.jpg,512,384,glass,140,25,340,326
glass197.jpg,512,384,glass,225,126,401,384
glass198.jpg,512,384,glass,121,22,373,343
glass198.jpg,512,384,metal,315,304,388,363
glass199.jpg,512,384,glass,49,127,433,384
glass199.jpg,512,384,metal,6,1,486,206
glass2.jpg,512,384,glass,76,97,281,280
glass20.jpg,512,384,glass,128,3,448,384
glass200.jpg,512,384,glass,50,1,512,365
glass201.jpg,512,384,glass,81,120,498,384
glass202.jpg,512,384,glass,117,48,378,312
glass203.jpg,512,384,glass,119,114,378,274
glass204.jpg,512,384,glass,56,119,292,277
glass205.jpg,512,384,glass,82,27,274,346
glass206.jpg,512,384,glass,75,69,417,329
glass207.jpg,512,384,glass,96,112,381,262
glass207.jpg,512,384,metal,84,227,112,266
glass208.jpg,512,384,glass,31,88,393,276
glass208.jpg,512,384,metal,386,73,430,125
glass209.jpg,512,384,glass,123,90,297,214
glass209.jpg,512,384,metal,57,112,141,187
glass21.jpg,512,384,glass,2,3,446,366
glass210.jpg,512,384,glass,108,84,356,282
glass211.jpg,512,384,glass,69,101,315,227
glass212.jpg,512,384,glass,145,153,317,279
glass213.jpg,512,384,glass,220,179,303,262
glass213.jpg,512,384,metal,223,185,294,254
glass214.jpg,512,384,glass,201,72,308,317
glass215.jpg,512,384,glass,144,76,366,293
glass216.jpg,512,384,glass,69,136,327,233
glass217.jpg,512,384,glass,186,104,307,261
glass217.jpg,512,384,metal,91,104,240,255
glass218.jpg,512,384,glass,99,88,407,266
glass218.jpg,512,384,metal,81,171,138,267
glass219.jpg,512,384,glass,55,1,413,376
glass219.jpg,512,384,metal,312,288,430,384
glass22.jpg,512,384,glass,199,130,403,384
glass220.jpg,512,384,glass,85,150,272,234
glass221.jpg,512,384,glass,215,59,320,315
glass222.jpg,512,384,glass,173,137,370,270
glass222.jpg,512,384,metal,162,225,198,275
glass223.jpg,512,384,glass,194,155,297,247
glass223.jpg,512,384,metal,163,168,246,247
glass224.jpg,512,384,glass,47,151,293,240
glass225.jpg,512,384,glass,108,111,402,255
glass226.jpg,512,384,glass,158,159,452,384
glass227.jpg,512,384,glass,100,149,328,299
glass228.jpg,512,384,glass,216,123,324,233
glass228.jpg,512,384,metal,220,151,302,233
glass229.jpg,512,384,glass,86,143,443,292
glass23.jpg,512,384,glass,70,10,512,384
glass230.jpg,512,384,glass,103,132,343,246
glass231.jpg,512,384,glass,96,13,245,384
glass232.jpg,512,384,glass,95,82,427,333
glass233.jpg,512,384,glass,171,1,434,200
glass234.jpg,512,384,glass,1,176,218,280
glass235.jpg,512,384,glass,152,145,336,384
glass236.jpg,512,384,glass,101,97,342,264
glass237.jpg,512,384,glass,68,143,293,226
glass238.jpg,512,384,glass,143,1,288,230
glass239.jpg,512,384,glass,226,161,512,268
glass24.jpg,512,384,glass,202,147,300,246
glass24.jpg,512,384,metal,213,163,288,234
glass240.jpg,512,384,glass,271,139,512,384
glass241.jpg,512,384,glass,123,191,284,384
glass242.jpg,512,384,glass,265,105,512,242
glass243.jpg,512,384,glass,244,1,442,384
glass244.jpg,512,384,glass,1,131,388,258
glass245.jpg,512,384,glass,83,67,395,319
glass246.jpg,512,384,glass,36,172,288,300
glass247.jpg,512,384,glass,1,126,367,347
glass248.jpg,512,384,glass,57,120,455,292
glass249.jpg,512,384,glass,57,167,409,335
glass25.jpg,512,384,glass,121,123,472,384
glass250.jpg,512,384,glass,77,136,399,274
glass251.jpg,512,384,glass,65,66,335,283
glass252.jpg,512,384,glass,190,180,322,384
glass253.jpg,512,384,glass,196,138,361,384
glass254.jpg,512,384,glass,46,284,483,384
glass255.jpg,512,384,glass,59,17,432,186
glass255.jpg,512,384,metal,43,90,92,174
glass256.jpg,512,384,glass,1,243,344,384
glass257.jpg,512,384,glass,228,55,345,261
glass258.jpg,512,384,glass,1,163,369,356
glass259.jpg,512,384,glass,69,170,362,315
glass26.jpg,512,384,glass,45,67,441,313
glass260.jpg,512,384,glass,124,117,512,384
glass261.jpg,512,384,glass,102,121,457,384
glass262.jpg,512,384,glass,229,192,371,384
glass263.jpg,512,384,glass,1,174,286,359
glass264.jpg,512,384,glass,116,74,496,384
glass265.jpg,512,384,glass,161,77,426,384
glass266.jpg,512,384,glass,1,199,295,379
glass267.jpg,512,384,glass,33,43,477,224
glass267.jpg,512,384,metal,26,176,60,225
glass268.jpg,512,384,glass,1,1,402,341
glass268.jpg,512,384,metal,334,271,402,342
glass269.jpg,512,384,glass,1,65,484,251
glass27.jpg,512,384,glass,155,36,421,384
glass270.jpg,512,384,glass,159,1,348,348
glass271.jpg,512,384,glass,149,10,357,376
glass272.jpg,512,384,glass,1,93,441,255
glass273.jpg,512,384,glass,135,33,388,384
glass274.jpg,512,384,glass,1,73,366,300
glass275.jpg,512,384,glass,239,1,472,378
glass276.jpg,512,384,glass,209,178,351,384
glass277.jpg,512,384,glass,88,124,512,290
glass278.jpg,512,384,glass,1,1,512,384
glass279.jpg,512,384,glass,1,1,512,284
glass28.jpg,512,384,glass,133,1,402,311
glass280.jpg,512,384,glass,1,1,330,384
glass281.jpg,512,384,glass,225,142,342,262
glass282.jpg,512,384,glass,114,42,376,307
glass283.jpg,512,384,glass,175,112,456,384
glass284.jpg,512,384,glass,169,134,512,384
glass285.jpg,512,384,glass,169,203,427,384
glass286.jpg,512,384,glass,191,68,372,384
glass287.jpg,512,384,glass,1,133,378,384
glass288.jpg,512,384,glass,151,79,317,252
glass289.jpg,512,384,glass,160,76,384,355
glass289.jpg,512,384,metal,160,275,279,356
glass29.jpg,512,384,glass,207,1,445,384
glass290.jpg,512,384,glass,1,1,334,384
glass291.jpg,512,384,glass,242,1,492,384
glass292.jpg,512,384,glass,238,77,439,384
glass293.jpg,512,384,glass,103,88,512,384
glass294.jpg,512,384,glass,58,49,350,301
glass295.jpg,512,384,glass,101,100,343,320
glass296.jpg,512,384,glass,59,94,392,384
glass297.jpg,512,384,glass,89,71,337,311
glass298.jpg,512,384,glass,147,1,381,188
glass299.jpg,512,384,glass,83,54,512,208
glass3.jpg,512,384,glass,140,115,299,245
glass30.jpg,512,384,glass,214,86,357,384
glass300.jpg,512,384,glass,223,37,406,384
glass301.jpg,512,384,glass,1,50,497,247
glass302.jpg,512,384,glass,82,5,383,309
glass303.jpg,512,384,glass,42,114,512,288
glass304.jpg,512,384,glass,205,114,355,243
glass305.jpg,512,384,glass,66,121,436,239
glass306.jpg,512,384,glass,54,32,469,234
glass307.jpg,512,384,glass,1,26,347,322
glass308.jpg,512,384,glass,44,14,405,377
glass309.jpg,512,384,glass,121,1,512,378
glass31.jpg,512,384,glass,26,47,344,384
glass310.jpg,512,384,glass,1,127,457,384
glass311.jpg,512,384,glass,31,125,512,329
glass312.jpg,512,384,glass,1,1,380,384
glass313.jpg,512,384,glass,1,23,370,384
glass314.jpg,512,384,glass,1,43,252,305
glass315.jpg,512,384,glass,73,102,445,384
glass316.jpg,512,384,glass,43,1,512,384
glass317.jpg,512,384,glass,19,145,470,262
glass318.jpg,512,384,glass,112,1,512,384
glass319.jpg,512,384,glass,1,119,512,344
glass32.jpg,512,384,glass,194,139,512,384
glass32.jpg,512,384,metal,153,93,269,205
glass320.jpg,512,384,glass,31,134,426,271
glass321.jpg,512,384,glass,133,1,329,384
glass322.jpg,512,384,glass,82,123,406,384
glass323.jpg,512,384,glass,1,93,271,384
glass324.jpg,512,384,glass,72,44,512,384
glass325.jpg,512,384,glass,124,90,310,248
glass326.jpg,512,384,glass,67,1,512,312
glass327.jpg,512,384,glass,1,90,492,299
glass328.jpg,512,384,glass,192,1,391,384
glass329.jpg,512,384,glass,206,60,411,384
glass33.jpg,512,384,glass,112,22,512,384
glass330.jpg,512,384,glass,155,97,345,384
glass331.jpg,512,384,glass,124,67,384,313
glass332.jpg,512,384,glass,38,21,450,311
glass333.jpg,512,384,glass,204,1,401,354
glass334.jpg,512,384,glass,1,1,512,384
glass335.jpg,512,384,glass,158,96,482,384
glass336.jpg,512,384,glass,74,50,426,289
glass337.jpg,512,384,glass,98,1,285,273
glass338.jpg,512,384,glass,100,119,355,263
glass338.jpg,512,384,metal,101,147,196,248
glass339.jpg,512,384,glass,205,119,311,225
glass339.jpg,512,384,metal,225,143,291,212
glass34.jpg,512,384,glass,20,51,441,329
glass340.jpg,512,384,glass,111,9,512,384
glass341.jpg,512,384,glass,114,1,512,325
glass342.jpg,512,384,glass,93,1,484,384
glass343.jpg,512,384,glass,191,65,461,384
glass344.jpg,512,384,glass,211,137,322,243
glass345.jpg,512,384,glass,213,20,428,384
glass346.jpg,512,384,glass,160,1,512,384
glass347.jpg,512,384,glass,10,156,298,384
glass348.jpg,512,384,glass,51,74,461,258
glass348.jpg,512,384,metal,51,152,72,203
glass349.jpg,512,384,glass,117,180,448,384
glass35.jpg,512,384,glass,15,1,451,361
glass350.jpg,512,384,glass,196,77,512,384
glass351.jpg,512,384,glass,1,1,512,239
glass352.jpg,512,384,glass,103,61,354,370
glass353.jpg,512,384,glass,162,132,361,384
glass354.jpg,512,384,glass,30,121,440,262
glass355.jpg,512,384,glass,119,1,512,280
glass355.jpg,512,384,metal,119,205,188,281
glass356.jpg,512,384,glass,72,18,425,330
glass357.jpg,512,384,glass,1,1,512,384
glass358.jpg,512,384,glass,213,85,512,365
glass359.jpg,512,384,glass,1,1,512,293
glass36.jpg,512,384,glass,164,112,487,384
glass360.jpg,512,384,glass,68,96,512,264
glass361.jpg,512,384,glass,124,65,430,384
glass362.jpg,512,384,glass,126,61,322,306
glass363.jpg,512,384,glass,34,159,512,309
glass364.jpg,512,384,glass,1,1,512,384
glass365.jpg,512,384,glass,157,1,338,276
glass366.jpg,512,384,glass,243,83,474,384
glass367.jpg,512,384,glass,91,142,512,304
glass368.jpg,512,384,glass,238,60,406,384
glass369.jpg,512,384,glass,76,140,512,384
glass37.jpg,512,384,glass,29,127,474,241
glass370.jpg,512,384,glass,65,108,512,268
glass371.jpg,512,384,glass,105,62,434,384
glass372.jpg,512,384,glass,53,122,411,247
glass373.jpg,512,384,glass,176,1,327,343
glass374.jpg,512,384,glass,7,57,512,294
glass375.jpg,512,384,glass,127,96,512,336
glass376.jpg,512,384,glass,78,120,512,384
glass376.jpg,512,384,metal,430,120,512,278
glass377.jpg,512,384,glass,55,1,432,384
glass377.jpg,512,384,metal,246,282,432,384
glass378.jpg,512,384,glass,176,152,486,384
glass379.jpg,512,384,glass,1,1,395,372
glass38.jpg,512,384,glass,80,131,447,384
glass380.jpg,512,384,glass,160,117,321,243
glass381.jpg,512,384,glass,16,21,512,286
glass381.jpg,512,384,metal,1,230,40,298
glass382.jpg,512,384,glass,215,114,468,384
glass383.jpg,512,384,glass,106,20,469,381
glass384.jpg,512,384,glass,1,86,475,243
glass385.jpg,512,384,glass,142,1,436,384
glass386.jpg,512,384,glass,193,127,512,384
glass387.jpg,512,384,glass,43,61,406,329
glass388.jpg,512,384,glass,189,1,454,384
glass389.jpg,512,384,glass,131,37,458,384
glass39.jpg,512,384,glass,85,89,449,305
glass390.jpg,512,384,glass,1,136,497,384
glass391.jpg,512,384,glass,73,21,491,384
glass392.jpg,512,384,glass,140,21,433,318
glass393.jpg,512,384,glass,213,66,496,384
glass394.jpg,512,384,glass,1,1,325,308
glass395.jpg,512,384,glass,89,168,512,338
glass396.jpg,512,384,glass,225,1,512,307
glass397.jpg,512,384,glass,1,47,471,320
glass398.jpg,512,384,glass,131,79,365,301
glass399.jpg,512,384,glass,1,79,466,323
glass4.jpg,512,384,glass,124,115,342,270
glass40.jpg,512,384,glass,11,1,512,384
glass400.jpg,512,384,glass,216,1,512,384
glass41.jpg,512,384,glass,167,84,395,333
glass42.jpg,512,384,glass,1,1,415,365
glass43.jpg,512,384,glass,7,30,446,384
glass44.jpg,512,384,glass,30,91,444,225
glass45.jpg,512,384,glass,146,106,512,367
glass46.jpg,512,384,glass,66,107,426,275
glass47.jpg,512,384,glass,114,137,377,284
glass48.jpg,512,384,glass,139,153,307,304
glass49.jpg,512,384,glass,150,1,464,359
glass5.jpg,512,384,glass,148,136,267,255
glass50.jpg,512,384,glass,1,1,377,302
glass51.jpg,512,384,glass,168,133,402,384
glass52.jpg,512,384,glass,6,64,345,335
glass53.jpg,512,384,glass,234,169,450,384
glass54.jpg,512,384,glass,189,1,492,384
glass55.jpg,512,384,glass,1,1,381,324
glass56.jpg,512,384,glass,200,8,459,384
glass57.jpg,512,384,glass,196,60,512,384
glass58.jpg,512,384,glass,186,1,388,384
glass59.jpg,512,384,glass,157,118,512,384
glass6.jpg,512,384,glass,194,62,319,279
glass60.jpg,512,384,glass,214,1,512,237
glass60.jpg,512,384,metal,170,167,243,251
glass61.jpg,512,384,glass,133,22,512,384
glass62.jpg,512,384,glass,1,1,512,384
glass63.jpg,512,384,glass,197,56,392,384
glass64.jpg,512,384,glass,130,114,390,384
glass65.jpg,512,384,glass,79,29,512,384
glass66.jpg,512,384,glass,1,74,407,323
glass67.jpg,512,384,glass,49,98,512,384
glass68.jpg,512,384,glass,83,1,451,382
glass68.jpg,512,384,metal,396,341,471,384
glass69.jpg,512,384,glass,31,126,332,255
glass7.jpg,512,384,glass,155,45,446,384
glass70.jpg,512,384,glass,1,114,495,384
glass71.jpg,512,384,glass,181,13,356,336
glass72.jpg,512,384,glass,146,65,512,384
glass73.jpg,512,384,glass,179,109,512,330
glass74.jpg,512,384,glass,191,137,281,227
glass74.jpg,512,384,metal,201,146,268,211
glass75.jpg,512,384,glass,60,103,416,281
glass75.jpg,512,384,metal,39,117,109,279
glass76.jpg,512,384,glass,187,65,400,279
glass77.jpg,512,384,glass,119,1,512,293
glass77.jpg,512,384,metal,90,243,171,323
glass78.jpg,512,384,glass,1,60,512,209
glass79.jpg,512,384,glass,211,1,420,340
glass8.jpg,512,384,glass,146,169,356,384
glass80.jpg,512,384,glass,1,1,418,324
glass81.jpg,512,384,glass,47,113,445,284
glass82.jpg,512,384,glass,203,1,400,295
glass82.jpg,512,384,metal,192,276,254,327
glass83.jpg,512,384,glass,23,57,512,206
glass84.jpg,512,384,glass,152,86,457,332
glass85.jpg,512,384,glass,1,1,512,384
glass86.jpg,512,384,glass,114,105,502,384
glass87.jpg,512,384,glass,142,122,445,304
glass88.jpg,512,384,glass,67,93,420,209
glass89.jpg,512,384,glass,93,48,420,354
glass9.jpg,512,384,glass,93,74,379,327
glass90.jpg,512,384,glass,136,1,381,384
glass91.jpg,512,384,glass,221,115,512,384
glass92.jpg,512,384,glass,117,60,372,318
glass93.jpg,512,384,glass,1,51,512,227
glass94.jpg,512,384,glass,235,170,391,384
glass95.jpg,512,384,glass,57,141,397,266
glass96.jpg,512,384,glass,170,68,343,384
glass97.jpg,512,384,glass,259,1,512,384
glass98.jpg,512,384,glass,106,1,380,384
glass99.jpg,512,384,glass,140,50,512,384
metal1.jpg,512,384,metal,1,1,312,285
metal10.jpg,512,384,metal,258,1,512,384
metal100.jpg,512,384,metal,87,18,428,336
metal101.jpg,512,384,metal,169,111,481,346
metal102.jpg,512,384,metal,163,73,355,327
metal103.jpg,512,384,metal,121,101,369,295
metal104.jpg,512,384,metal,190,1,441,249
metal105.jpg,512,384,metal,68,83,512,384
metal106.jpg,512,384,metal,121,110,442,384
metal107.jpg,512,384,metal,95,55,351,314
metal108.jpg,512,384,metal,1,49,512,384
metal109.jpg,512,384,metal,236,1,512,317
metal11.jpg,512,384,metal,22,1,512,384
metal110.jpg,512,384,metal,22,110,376,360
metal111.jpg,512,384,metal,74,1,512,384
metal112.jpg,512,384,metal,106,53,512,384
metal113.jpg,512,384,metal,191,68,512,384
metal114.jpg,512,384,metal,1,44,512,384
metal115.jpg,512,384,metal,1,1,512,248
metal116.jpg,512,384,metal,143,105,360,324
metal117.jpg,512,384,metal,102,18,434,351
metal118.jpg,512,384,metal,1,1,512,359
metal119.jpg,512,384,metal,145,51,384,297
metal12.jpg,512,384,metal,1,100,512,384
metal120.jpg,512,384,metal,8,27,512,379
metal121.jpg,512,384,metal,90,116,512,384
metal122.jpg,512,384,metal,125,93,361,304
metal123.jpg,512,384,metal,134,1,512,324
metal124.jpg,512,384,metal,136,113,351,270
metal125.jpg,512,384,metal,84,110,456,260
metal126.jpg,512,384,metal,11,1,447,384
metal127.jpg,512,384,metal,119,1,453,326
metal128.jpg,512,384,metal,147,1,340,384
metal129.jpg,512,384,metal,114,79,328,384
metal13.jpg,512,384,metal,253,47,512,384
metal130.jpg,512,384,metal,150,78,440,384
metal131.jpg,512,384,metal,167,108,361,304
metal132.jpg,512,384,metal,27,33,512,328
metal133.jpg,512,384,metal,186,44,478,332
metal134.jpg,512,384,metal,88,77,512,384
metal135.jpg,512,384,metal,109,105,512,384
metal136.jpg,512,384,metal,177,176,434,384
metal137.jpg,512,384,metal,76,116,512,325
metal138.jpg,512,384,metal,133,74,402,343
metal139.jpg,512,384,metal,259,1,512,384
metal14.jpg,512,384,metal,151,20,512,380
metal140.jpg,512,384,metal,113,9,416,308
metal141.jpg,512,384,metal,181,1,512,384
metal142.jpg,512,384,metal,119,1,501,384
metal143.jpg,512,384,metal,69,96,476,376
metal144.jpg,512,384,metal,1,72,500,384
metal145.jpg,512,384,metal,144,57,426,313
metal146.jpg,512,384,metal,110,99,394,384
metal147.jpg,512,384,metal,109,39,459,325
metal148.jpg,512,384,metal,177,144,277,243
metal149.jpg,512,384,metal,156,114,294,273
metal15.jpg,512,384,metal,74,136,410,332
metal150.jpg,512,384,metal,73,136,451,269
metal151.jpg,512,384,metal,1,1,489,370
metal152.jpg,512,384,metal,172,153,283,240
metal153.jpg,512,384,metal,52,88,512,365
metal154.jpg,512,384,metal,124,104,335,284
metal155.jpg,512,384,metal,185,133,281,227
metal156.jpg,512,384,metal,192,73,293,268
metal157.jpg,512,384,metal,28,1,464,269
metal158.jpg,512,384,metal,183,58,444,318
metal159.jpg,512,384,metal,177,133,341,251
metal16.jpg,512,384,metal,1,49,512,384
metal160.jpg,512,384,metal,181,108,307,261
metal161.jpg,512,384,metal,160,1,477,364
metal162.jpg,512,384,metal,1,1,512,384
metal163.jpg,512,384,metal,54,9,432,290
metal164.jpg,512,384,metal,133,71,414,288
metal165.jpg,512,384,metal,148,144,308,223
metal166.jpg,512,384,metal,208,152,272,226
metal167.jpg,512,384,metal,150,90,357,299
metal168.jpg,512,384,metal,1,1,397,384
metal169.jpg,512,384,metal,99,39,401,354
metal17.jpg,512,384,metal,87,17,349,295
metal170.jpg,512,384,metal,60,20,366,338
metal171.jpg,512,384,metal,32,1,319,384
metal172.jpg,512,384,metal,29,31,408,384
metal173.jpg,512,384,metal,95,8,407,377
metal174.jpg,512,384,metal,105,1,512,315
metal175.jpg,512,384,metal,116,5,415,364
metal176.jpg,512,384,metal,1,1,512,384
metal177.jpg,512,384,metal,1,1,443,384
metal178.jpg,512,384,metal,121,143,263,234
metal179.jpg,512,384,metal,218,116,373,299
metal18.jpg,512,384,metal,116,144,356,263
metal180.jpg,512,384,metal,1,1,509,384
metal181.jpg,512,384,metal,117,58,367,307
metal182.jpg,512,384,metal,151,125,327,322
metal183.jpg,512,384,metal,105,206,218,384
metal184.jpg,512,384,metal,172,39,459,343
metal185.jpg,512,384,metal,66,81,471,342
metal186.jpg,512,384,metal,169,110,512,384
metal187.jpg,512,384,metal,1,1,310,260
metal188.jpg,512,384,metal,33,40,397,266
metal189.jpg,512,384,metal,2,55,460,349
metal19.jpg,512,384,metal,90,20,377,308
metal190.jpg,512,384,metal,39,1,377,357
metal191.jpg,512,384,metal,67,25,349,308
metal192.jpg,512,384,metal,21,1,438,384
metal193.jpg,512,384,metal,59,1,384,374
metal194.jpg,512,384,metal,1,1,312,333
metal195.jpg,512,384,metal,161,87,362,302
metal196.jpg,512,384,metal,1,1,512,384
metal197.jpg,512,384,metal,78,54,434,331
metal198.jpg,512,384,metal,81,42,328,344
metal199.jpg,512,384,metal,37,92,373,261
metal2.jpg,512,384,metal,141,71,326,293
metal20.jpg,512,384,metal,1,1,443,384
metal200.jpg,512,384,metal,72,24,353,361
metal201.jpg,512,384,metal,69,85,376,292
metal202.jpg,512,384,metal,92,116,402,349
metal203.jpg,512,384,metal,191,87,327,254
metal204.jpg,512,384,metal,178,106,380,257
metal205.jpg,512,384,metal,111,98,298,332
metal206.jpg,512,384,metal,178,92,331,279
metal207.jpg,512,384,metal,155,103,329,258
metal208.jpg,512,384,metal,179,105,314,275
metal209.jpg,512,384,metal,209,110,409,287
metal21.jpg,512,384,metal,181,86,435,384
metal210.jpg,512,384,metal,146,123,380,290
metal211.jpg,512,384,metal,180,75,340,269
metal212.jpg,512,384,metal,97,71,255,269
metal213.jpg,512,384,metal,130,116,313,269
metal214.jpg,512,384,metal,203,115,309,250
metal215.jpg,512,384,metal,156,131,311,283
metal216.jpg,512,384,metal,144,92,352,307
metal217.jpg,512,384,metal,2,1,354,260
metal218.jpg,512,384,metal,140,155,426,384
metal219.jpg,512,384,metal,118,25,345,328
metal22.jpg,512,384,metal,179,75,419,320
metal220.jpg,512,384,metal,107,60,423,384
metal221.jpg,512,384,metal,26,1,512,384
metal222.jpg,512,384,metal,125,24,512,384
metal223.jpg,512,384,metal,193,41,512,384
metal224.jpg,512,384,metal,70,90,512,347
metal225.jpg,512,384,metal,80,54,379,360
metal226.jpg,512,384,metal,85,1,435,348
metal227.jpg,512,384,metal,86,86,418,384
metal228.jpg,512,384,metal,162,105,336,284
metal229.jpg,512,384,metal,83,1,512,384
metal23.jpg,512,384,metal,122,89,485,384
metal230.jpg,512,384,metal,11,126,444,384
metal231.jpg,512,384,metal,1,1,354,274
metal232.jpg,512,384,metal,1,1,512,384
metal233.jpg,512,384,metal,102,94,506,297
metal234.jpg,512,384,metal,275,1,512,365
metal235.jpg,512,384,metal,27,107,382,384
metal236.jpg,512,384,metal,45,30,512,384
metal237.jpg,512,384,metal,34,58,512,384
metal238.jpg,512,384,metal,206,81,472,384
metal239.jpg,512,384,metal,94,30,406,361
metal24.jpg,512,384,metal,106,80,359,339
metal240.jpg,512,384,metal,174,3,410,245
metal241.jpg,512,384,metal,66,38,381,349
metal242.jpg,512,384,metal,116,73,466,224
metal243.jpg,512,384,metal,178,172,422,384
metal244.jpg,512,384,metal,137,22,442,329
metal245.jpg,512,384,metal,244,82,471,307
metal246.jpg,512,384,metal,118,23,442,341
metal247.jpg,512,384,metal,188,109,506,384
metal248.jpg,512,384,metal,217,149,512,384
metal249.jpg,512,384,metal,53,95,446,384
metal25.jpg,512,384,metal,109,61,385,375
metal250.jpg,512,384,metal,266,58,475,352
metal251.jpg,512,384,metal,1,1,512,368
metal252.jpg,512,384,metal,94,22,460,384
metal253.jpg,512,384,metal,116,1,432,336
metal254.jpg,512,384,metal,1,1,512,384
metal255.jpg,512,384,metal,202,156,489,384
metal256.jpg,512,384,metal,172,178,512,384
metal257.jpg,512,384,metal,1,50,512,384
metal258.jpg,512,384,metal,42,1,512,366
metal259.jpg,512,384,metal,1,115,512,384
metal26.jpg,512,384,metal,114,32,450,371
metal260.jpg,512,384,metal,147,93,512,384
metal261.jpg,512,384,metal,47,45,512,364
metal262.jpg,512,384,metal,1,57,512,384
metal263.jpg,512,384,metal,86,91,511,384
metal264.jpg,512,384,metal,42,57,512,384
metal265.jpg,512,384,metal,96,143,512,384
metal266.jpg,512,384,metal,103,13,402,340
metal267.jpg,512,384,metal,1,1,345,291
metal268.jpg,512,384,metal,149,101,326,298
metal269.jpg,512,384,metal,1,1,333,322
metal27.jpg,512,384,metal,137,44,429,340
metal270.jpg,512,384,metal,57,1,512,375
metal271.jpg,512,384,metal,1,32,446,384
metal272.jpg,512,384,metal,207,144,305,243
metal272.jpg,512,384,glass,204,129,333,257
metal273.jpg,512,384,metal,167,1,469,384
metal274.jpg,512,384,metal,132,83,512,384
metal275.jpg,512,384,metal,175,181,436,384
metal276.jpg,512,384,metal,1,1,361,293
metal277.jpg,512,384,metal,104,1,422,384
metal278.jpg,512,384,metal,19,1,412,286
metal279.jpg,512,384,metal,213,120,397,307
metal28.jpg,512,384,metal,143,72,427,353
metal280.jpg,512,384,metal,133,102,388,277
metal281.jpg,512,384,metal,22,8,489,384
metal282.jpg,512,384,metal,100,38,504,384
metal283.jpg,512,384,metal,1,1,408,277
metal284.jpg,512,384,metal,170,100,326,252
metal285.jpg,512,384,metal,146,89,362,318
metal286.jpg,512,384,metal,124,49,512,317
metal287.jpg,512,384,metal,16,169,391,384
metal288.jpg,512,384,metal,140,35,485,384
metal289.jpg,512,384,metal,87,6,512,384
metal29.jpg,512,384,metal,121,78,369,325
metal290.jpg,512,384,metal,118,114,356,292
metal291.jpg,512,384,metal,158,110,366,273
metal292.jpg,512,384,metal,145,109,510,370
metal293.jpg,512,384,metal,24,81,512,289
metal294.jpg,512,384,metal,125,50,390,317
metal295.jpg,512,384,metal,105,49,378,323
metal296.jpg,512,384,metal,94,34,512,384
metal297.jpg,512,384,metal,144,200,483,384
metal298.jpg,512,384,metal,196,58,439,350
metal299.jpg,512,384,metal,158,28,512,384
metal3.jpg,512,384,metal,128,169,291,308
metal30.jpg,512,384,metal,172,1,349,373
metal300.jpg,512,384,metal,101,77,512,384
metal301.jpg,512,384,metal,74,1,407,336
metal302.jpg,512,384,metal,87,30,382,338
metal303.jpg,512,384,metal,158,73,403,296
metal304.jpg,512,384,metal,116,122,406,384
metal305.jpg,512,384,metal,1,67,426,384
metal306.jpg,512,384,metal,196,107,512,384
metal307.jpg,512,384,metal,86,1,467,303
metal308.jpg,512,384,metal,1,1,374,274
metal309.jpg,512,384,metal,100,42,377,320
metal31.jpg,512,384,metal,97,1,512,384
metal310.jpg,512,384,metal,130,50,512,343
metal311.jpg,512,384,metal,118,108,512,384
metal312.jpg,512,384,metal,19,1,512,384
metal313.jpg,512,384,metal,90,100,412,384
metal314.jpg,512,384,metal,1,1,246,293
metal315.jpg,512,384,metal,87,103,400,270
metal316.jpg,512,384,metal,161,206,512,384
metal317.jpg,512,384,metal,1,1,296,384
metal318.jpg,512,384,metal,149,86,352,292
metal319.jpg,512,384,metal,37,1,512,384
metal32.jpg,512,384,metal,125,45,355,272
metal320.jpg,512,384,metal,153,17,512,384
metal321.jpg,512,384,metal,138,1,377,268
metal322.jpg,512,384,metal,26,1,512,384
metal323.jpg,512,384,metal,50,158,441,384
metal324.jpg,512,384,metal,1,131,472,384
metal325.jpg,512,384,metal,139,1,512,328
metal326.jpg,512,384,metal,150,13,346,324
metal327.jpg,512,384,metal,26,143,417,384
metal328.jpg,512,384,metal,67,39,335,299
metal33.jpg,512,384,metal,61,1,369,260
metal34.jpg,512,384,metal,99,96,391,384
metal35.jpg,512,384,metal,109,1,481,372
metal36.jpg,512,384,metal,1,1,393,355
metal37.jpg,512,384,metal,205,85,512,384
metal38.jpg,512,384,metal,39,59,345,297
metal39.jpg,512,384,metal,149,66,340,257
metal4.jpg,512,384,metal,250,121,382,270
metal40.jpg,512,384,metal,186,55,490,384
metal41.jpg,512,384,metal,144,138,382,384
metal42.jpg,512,384,metal,1,104,427,384
metal43.jpg,512,384,metal,78,109,512,384
metal44.jpg,512,384,metal,92,1,512,384
metal45.jpg,512,384,metal,1,79,294,331
metal46.jpg,512,384,metal,1,1,512,384
metal47.jpg,512,384,metal,209,109,512,384
metal48.jpg,512,384,metal,195,129,305,246
metal49.jpg,512,384,metal,142,1,512,340
metal5.jpg,512,384,metal,34,17,454,384
metal50.jpg,512,384,metal,5,26,512,384
metal51.jpg,512,384,metal,182,87,396,299
metal52.jpg,512,384,metal,45,1,484,384
metal53.jpg,512,384,metal,96,1,378,264
metal54.jpg,512,384,metal,29,1,483,384
metal55.jpg,512,384,metal,1,120,512,384
metal56.jpg,512,384,metal,152,121,426,384
metal57.jpg,512,384,metal,112,95,343,310
metal58.jpg,512,384,metal,164,105,487,384
metal59.jpg,512,384,metal,226,155,512,384
metal6.jpg,512,384,metal,193,139,287,223
metal60.jpg,512,384,metal,50,84,366,351
metal61.jpg,512,384,metal,24,10,512,384
metal62.jpg,512,384,metal,78,109,415,306
metal63.jpg,512,384,metal,159,85,512,384
metal64.jpg,512,384,metal,1,35,373,359
metal65.jpg,512,384,metal,125,14,481,371
metal66.jpg,512,384,metal,152,116,391,384
metal67.jpg,512,384,metal,159,129,396,384
metal68.jpg,512,384,metal,96,105,439,384
metal69.jpg,512,384,metal,122,121,350,265
metal7.jpg,512,384,metal,157,72,319,287
metal70.jpg,512,384,metal,63,117,436,311
metal71.jpg,512,384,metal,150,32,512,384
metal72.jpg,512,384,metal,156,1,512,384
metal73.jpg,512,384,metal,221,152,512,384
metal74.jpg,512,384,metal,1,135,426,384
metal75.jpg,512,384,metal,23,87,512,384
metal76.jpg,512,384,metal,27,44,512,384
metal77.jpg,512,384,metal,1,1,459,384
metal78.jpg,512,384,metal,144,99,392,384
metal79.jpg,512,384,metal,14,119,484,384
metal8.jpg,512,384,metal,145,107,255,266
metal80.jpg,512,384,metal,62,1,458,355
metal81.jpg,512,384,metal,66,157,512,384
metal82.jpg,512,384,metal,103,73,318,297
metal83.jpg,512,384,metal,26,33,512,384
metal84.jpg,512,384,metal,124,1,512,384
metal85.jpg,512,384,metal,54,193,481,384
metal86.jpg,512,384,metal,138,55,445,384
metal87.jpg,512,384,metal,160,1,512,384
metal88.jpg,512,384,metal,1,32,502,384
metal89.jpg,512,384,metal,31,12,512,384
metal9.jpg,512,384,metal,147,113,301,271
metal90.jpg,512,384,metal,164,100,408,312
metal91.jpg,512,384,glass,200,111,312,223
metal92.jpg,512,384,metal,170,82,337,253
metal93.jpg,512,384,metal,117,88,512,384
metal94.jpg,512,384,metal,1,85,512,384
metal95.jpg,512,384,metal,129,1,409,244
metal96.jpg,512,384,metal,132,178,412,384
metal97.jpg,512,384,metal,30,1,374,332
metal98.jpg,512,384,metal,104,1,357,288
metal99.jpg,512,384,metal,127,51,463,384
paper1.jpg,512,384,paper,75,28,430,331
paper10.jpg,512,384,paper,62,1,492,384
paper100.jpg,512,384,paper,1,1,512,384
paper101.jpg,512,384,paper,1,1,425,384
paper102.jpg,512,384,paper,39,1,423,384
paper103.jpg,512,384,paper,1,1,512,384
paper104.jpg,512,384,paper,35,1,456,384
paper105.jpg,512,384,paper,1,1,512,279
paper106.jpg,512,384,paper,52,69,467,344
paper107.jpg,512,384,paper,1,1,403,384
paper108.jpg,512,384,paper,1,1,423,384
paper109.jpg,512,384,paper,1,1,446,384
paper11.jpg,512,384,paper,89,7,372,363
paper110.jpg,512,384,paper,55,1,479,268
paper111.jpg,512,384,paper,45,53,470,354
paper112.jpg,512,384,paper,7,1,397,384
paper113.jpg,512,384,paper,1,144,512,384
paper114.jpg,512,384,paper,1,1,512,384
paper115.jpg,512,384,paper,9,1,494,384
paper116.jpg,512,384,paper,76,23,416,308
paper117.jpg,512,384,paper,170,105,306,296
paper118.jpg,512,384,paper,144,1,314,319
paper119.jpg,512,384,paper,68,82,493,281
paper12.jpg,512,384,paper,12,34,487,353
paper120.jpg,512,384,paper,69,143,336,265
paper121.jpg,512,384,paper,31,1,512,384
paper122.jpg,512,384,paper,92,43,353,355
paper123.jpg,512,384,paper,1,27,440,347
paper124.jpg,512,384,paper,117,1,512,384
paper125.jpg,512,384,paper,1,1,333,384
paper126.jpg,512,384,paper,73,73,363,347
paper127.jpg,512,384,paper,1,33,512,384
paper128.jpg,512,384,paper,51,81,387,301
paper129.jpg,512,384,paper,1,10,457,384
paper13.jpg,512,384,paper,44,155,502,384
paper130.jpg,512,384,paper,50,62,416,330
paper131.jpg,512,384,paper,1,1,444,384
paper132.jpg,512,384,paper,87,1,333,328
paper133.jpg,512,384,paper,19,1,510,384
paper134.jpg,512,384,paper,1,42,500,384
paper135.jpg,512,384,paper,1,1,512,384
paper136.jpg,512,384,paper,1,1,475,384
paper137.jpg,512,384,paper,1,1,512,331
paper138.jpg,512,384,paper,62,89,438,346
paper139.jpg,512,384,paper,1,20,425,384
paper14.jpg,512,384,paper,1,1,512,384
paper140.jpg,512,384,paper,1,1,464,384
paper141.jpg,512,384,paper,83,24,410,384
paper142.jpg,512,384,paper,18,25,463,384
paper143.jpg,512,384,paper,39,85,458,320
paper144.jpg,512,384,paper,64,1,391,378
paper145.jpg,512,384,paper,15,1,471,384
paper146.jpg,512,384,paper,92,116,395,314
paper147.jpg,512,384,paper,1,1,472,384
paper148.jpg,512,384,paper,1,1,474,384
paper149.jpg,512,384,paper,1,1,472,384
paper15.jpg,512,384,paper,1,56,417,384
paper150.jpg,512,384,paper,64,109,406,268
paper151.jpg,512,384,paper,80,81,387,285
paper152.jpg,512,384,paper,1,1,460,384
paper153.jpg,512,384,paper,1,1,512,384
paper154.jpg,512,384,paper,107,36,377,310
paper155.jpg,512,384,paper,1,1,398,350
paper156.jpg,512,384,paper,1,95,444,384
paper157.jpg,512,384,paper,82,17,459,363
paper158.jpg,512,384,paper,154,48,327,324
paper159.jpg,512,384,paper,36,55,393,344
paper16.jpg,512,384,paper,12,1,452,384
paper160.jpg,512,384,paper,71,50,392,384
paper161.jpg,512,384,paper,47,9,477,384
paper162.jpg,512,384,paper,40,69,512,384
paper163.jpg,512,384,paper,1,1,494,384
paper164.jpg,512,384,paper,131,1,382,322
paper165.jpg,512,384,paper,1,1,413,384
paper166.jpg,512,384,paper,18,1,512,321
paper167.jpg,512,384,paper,56,1,453,384
paper168.jpg,512,384,paper,77,39,412,354
paper169.jpg,512,384,paper,73,1,462,384
paper17.jpg,512,384,paper,1,1,393,384
paper170.jpg,512,384,paper,92,60,387,307
paper171.jpg,512,384,paper,110,1,450,375
paper172.jpg,512,384,paper,1,1,442,272
paper173.jpg,512,384,paper,112,36,411,338
paper174.jpg,512,384,paper,1,1,512,384
paper175.jpg,512,384,paper,1,1,455,355
paper176.jpg,512,384,paper,56,71,450,326
paper177.jpg,512,384,paper,41,4,418,384
paper178.jpg,512,384,paper,1,1,417,384
paper179.jpg,512,384,paper,1,89,503,384
paper18.jpg,512,384,paper,8,63,387,365
paper180.jpg,512,384,paper,2,1,345,373
paper181.jpg,512,384,paper,117,1,512,325
paper182.jpg,512,384,paper,1,1,512,384
paper183.jpg,512,384,paper,1,27,496,328
paper184.jpg,512,384,paper,1,16,512,384
paper185.jpg,512,384,paper,24,1,512,384
paper186.jpg,512,384,paper,1,1,503,384
paper187.jpg,512,384,paper,1,54,512,384
paper188.jpg,512,384,paper,1,1,473,384
paper189.jpg,512,384,paper,1,1,512,384
paper19.jpg,512,384,paper,93,91,389,336
paper190.jpg,512,384,paper,1,1,512,320
paper191.jpg,512,384,paper,21,1,456,382
paper192.jpg,512,384,paper,5,1,459,324
paper193.jpg,512,384,paper,49,1,512,384
paper194.jpg,512,384,paper,1,1,443,384
paper195.jpg,512,384,paper,9,1,512,320
paper196.jpg,512,384,paper,1,1,453,378
paper197.jpg,512,384,paper,114,94,512,384
paper198.jpg,512,384,paper,20,1,493,384
paper199.jpg,512,384,paper,1,92,512,384
paper2.jpg,512,384,paper,1,34,440,384
paper20.jpg,512,384,paper,1,16,512,384
paper200.jpg,512,384,paper,49,134,369,213
paper201.jpg,512,384,paper,96,72,419,290
paper202.jpg,512,384,paper,110,80,412,323
paper203.jpg,512,384,paper,129,117,353,271
paper204.jpg,512,384,paper,99,18,350,340
paper205.jpg,512,384,paper,1,79,483,384
paper206.jpg,512,384,paper,12,1,398,384
paper207.jpg,512,384,paper,1,75,512,384
paper208.jpg,512,384,paper,29,1,466,384
paper209.jpg,512,384,paper,1,1,512,384
paper21.jpg,512,384,paper,74,129,482,384
paper210.jpg,512,384,paper,1,1,421,292
paper211.jpg,512,384,paper,1,108,394,384
paper212.jpg,512,384,paper,73,92,476,323
paper213.jpg,512,384,paper,98,16,336,335
paper214.jpg,512,384,paper,1,1,512,384
paper215.jpg,512,384,paper,1,1,452,384
paper216.jpg,512,384,paper,113,99,420,303
paper217.jpg,512,384,paper,1,1,441,384
paper218.jpg,512,384,paper,57,4,327,384
paper219.jpg,512,384,paper,11,82,485,376
paper22.jpg,512,384,paper,58,31,413,370
paper220.jpg,512,384,paper,110,64,419,302
paper221.jpg,512,384,paper,1,1,512,384
paper222.jpg,512,384,paper,90,91,312,384
paper223.jpg,512,384,paper,1,1,512,384
paper224.jpg,512,384,paper,38,36,477,384
paper225.jpg,512,384,paper,115,54,415,345
paper226.jpg,512,384,paper,121,120,345,299
paper227.jpg,512,384,paper,1,1,512,384
paper228.jpg,512,384,paper,172,89,264,209
paper229.jpg,512,384,paper,1,72,462,384
paper23.jpg,512,384,paper,19,1,512,345
paper230.jpg,512,384,paper,1,1,512,143
paper231.jpg,512,384,paper,1,1,425,347
paper232.jpg,512,384,paper,2,61,439,384
paper233.jpg,512,384,paper,2,100,465,374
paper234.jpg,512,384,paper,73,2,437,329
paper235.jpg,512,384,paper,84,54,417,330
paper236.jpg,512,384,paper,1,1,488,384
paper237.jpg,512,384,paper,1,1,447,384
paper238.jpg,512,384,paper,1,53,404,349
paper239.jpg,512,384,paper,63,39,374,309
paper24.jpg,512,384,paper,1,18,384,380
paper240.jpg,512,384,paper,1,64,396,384
paper241.jpg,512,384,paper,31,94,467,342
paper242.jpg,512,384,paper,83,161,318,337
paper243.jpg,512,384,paper,113,36,373,336
paper244.jpg,512,384,paper,32,43,398,351
paper245.jpg,512,384,paper,1,1,485,384
paper246.jpg,512,384,paper,1,1,373,384
paper247.jpg,512,384,paper,1,1,471,384
paper248.jpg,512,384,paper,53,1,472,343
paper249.jpg,512,384,paper,62,78,335,293
paper25.jpg,512,384,paper,1,1,465,303
paper250.jpg,512,384,paper,4,1,467,380
paper251.jpg,512,384,paper,82,43,321,359
paper252.jpg,512,384,paper,68,79,434,328
paper253.jpg,512,384,paper,60,65,435,341
paper254.jpg,512,384,paper,53,1,512,374
paper255.jpg,512,384,paper,34,1,463,384
paper256.jpg,512,384,paper,145,58,348,237
paper257.jpg,512,384,paper,47,101,410,384
paper258.jpg,512,384,paper,40,1,488,384
paper259.jpg,512,384,paper,1,46,424,384
paper26.jpg,512,384,paper,52,1,512,384
paper260.jpg,512,384,paper,1,52,434,384
paper261.jpg,512,384,paper,60,65,384,335
paper262.jpg,512,384,paper,51,1,464,361
paper263.jpg,512,384,paper,29,1,473,380
paper264.jpg,512,384,paper,152,112,381,280
paper265.jpg,512,384,paper,1,1,440,384
paper266.jpg,512,384,paper,1,1,512,384
paper267.jpg,512,384,paper,28,1,435,384
paper268.jpg,512,384,paper,17,1,404,340
paper269.jpg,512,384,paper,1,1,512,384
paper27.jpg,512,384,paper,1,65,469,349
paper270.jpg,512,384,paper,28,3,487,384
paper271.jpg,512,384,paper,63,1,435,363
paper272.jpg,512,384,paper,16,70,373,307
paper273.jpg,512,384,paper,49,1,455,384
paper274.jpg,512,384,paper,116,94,413,295
paper275.jpg,512,384,paper,62,36,398,347
paper276.jpg,512,384,paper,93,53,351,331
paper277.jpg,512,384,paper,1,1,414,380
paper278.jpg,512,384,paper,115,68,394,348
paper279.jpg,512,384,paper,107,1,351,381
paper28.jpg,512,384,paper,1,5,506,360
paper280.jpg,512,384,paper,1,1,512,370
paper281.jpg,512,384,paper,82,1,429,384
paper282.jpg,512,384,paper,33,106,422,315
paper283.jpg,512,384,paper,1,12,512,384
paper284.jpg,512,384,paper,1,1,345,373
paper285.jpg,512,384,paper,14,21,489,379
paper286.jpg,512,384,paper,1,25,512,384
paper287.jpg,512,384,paper,57,3,387,384
paper288.jpg,512,384,paper,177,19,328,347
paper289.jpg,512,384,paper,1,1,512,345
paper29.jpg,512,384,paper,87,64,392,384
paper290.jpg,512,384,paper,1,1,492,376
paper291.jpg,512,384,paper,52,10,459,383
paper292.jpg,512,384,paper,1,117,512,384
paper293.jpg,512,384,paper,23,63,442,380
paper294.jpg,512,384,paper,62,76,389,327
paper295.jpg,512,384,paper,31,92,438,322
paper296.jpg,512,384,paper,47,124,356,256
paper297.jpg,512,384,paper,1,1,468,384
paper298.jpg,512,384,paper,1,1,493,356
paper299.jpg,512,384,paper,43,47,458,325
paper3.jpg,512,384,paper,67,2,381,324
paper30.jpg,512,384,paper,35,100,378,287
paper300.jpg,512,384,paper,61,18,462,365
paper301.jpg,512,384,paper,136,9,437,384
paper302.jpg,512,384,paper,18,74,451,330
paper303.jpg,512,384,paper,13,1,512,384
paper304.jpg,512,384,paper,72,94,410,268
paper305.jpg,512,384,paper,7,1,480,384
paper306.jpg,512,384,paper,1,65,396,384
paper307.jpg,512,384,paper,1,1,451,384
paper308.jpg,512,384,paper,8,1,482,384
paper309.jpg,512,384,paper,17,1,471,384
paper31.jpg,512,384,paper,1,1,432,347
paper310.jpg,512,384,paper,143,95,387,280
paper311.jpg,512,384,paper,1,30,460,384
paper312.jpg,512,384,paper,1,1,512,384
paper313.jpg,512,384,paper,1,1,483,384
paper314.jpg,512,384,paper,1,1,512,384
paper315.jpg,512,384,paper,72,18,418,380
paper316.jpg,512,384,paper,1,9,461,384
paper317.jpg,512,384,paper,161,95,310,259
paper318.jpg,512,384,paper,48,66,450,339
paper319.jpg,512,384,paper,1,1,459,384
paper32.jpg,512,384,paper,57,15,427,353
paper320.jpg,512,384,paper,119,37,512,384
paper321.jpg,512,384,paper,49,89,503,384
paper322.jpg,512,384,paper,57,79,512,384
paper323.jpg,512,384,paper,1,1,280,384
paper324.jpg,512,384,paper,48,86,440,275
paper325.jpg,512,384,paper,68,48,378,288
paper326.jpg,512,384,paper,1,1,512,384
paper327.jpg,512,384,paper,71,39,389,332
paper328.jpg,512,384,paper,1,133,512,384
paper329.jpg,512,384,paper,104,1,386,348
paper33.jpg,512,384,paper,102,1,422,384
paper330.jpg,512,384,paper,69,1,512,343
paper331.jpg,512,384,paper,42,38,400,344
paper332.jpg,512,384,paper,1,40,450,384
paper333.jpg,512,384,paper,79,29,453,295
paper334.jpg,512,384,paper,188,112,348,277
paper335.jpg,512,384,paper,1,1,512,377
paper336.jpg,512,384,paper,1,1,512,384
paper337.jpg,512,384,paper,44,53,426,357
paper338.jpg,512,384,paper,1,1,512,384
paper339.jpg,512,384,paper,23,28,378,384
paper34.jpg,512,384,paper,1,1,512,384
paper340.jpg,512,384,paper,39,1,501,384
paper341.jpg,512,384,paper,1,104,438,384
paper342.jpg,512,384,paper,1,1,456,384
paper343.jpg,512,384,paper,36,140,512,384
paper344.jpg,512,384,paper,80,70,512,384
paper345.jpg,512,384,paper,1,1,512,384
paper346.jpg,512,384,paper,100,47,437,372
paper347.jpg,512,384,paper,1,13,463,384
paper348.jpg,512,384,paper,28,121,400,339
paper349.jpg,512,384,paper,1,1,372,384
paper35.jpg,512,384,paper,20,1,512,384
paper350.jpg,512,384,paper,71,26,418,335
paper351.jpg,512,384,paper,1,1,512,384
paper352.jpg,512,384,paper,163,35,386,356
paper353.jpg,512,384,paper,1,1,452,384
paper354.jpg,512,384,paper,74,81,412,274
paper355.jpg,512,384,paper,20,167,512,384
paper356.jpg,512,384,paper,35,11,475,357
paper357.jpg,512,384,paper,35,14,428,340
paper358.jpg,512,384,paper,1,1,512,384
paper359.jpg,512,384,paper,85,38,382,346
paper36.jpg,512,384,paper,80,45,486,342
paper360.jpg,512,384,paper,1,1,512,384
paper361.jpg,512,384,paper,28,1,445,334
paper362.jpg,512,384,paper,157,1,512,384
paper363.jpg,512,384,paper,155,22,317,290
paper364.jpg,512,384,paper,71,17,439,384
paper365.jpg,512,384,paper,1,1,408,376
paper366.jpg,512,384,paper,8,32,495,344
paper367.jpg,512,384,paper,31,1,417,382
paper368.jpg,512,384,paper,126,86,364,298
paper369.jpg,512,384,paper,1,1,512,355
paper37.jpg,512,384,paper,1,89,467,384
paper370.jpg,512,384,paper,64,125,393,262
paper371.jpg,512,384,paper,1,67,460,384
paper372.jpg,512,384,paper,3,1,497,380
paper373.jpg,512,384,paper,75,62,302,331
paper374.jpg,512,384,paper,102,118,329,289
paper375.jpg,512,384,paper,22,1,464,384
paper376.jpg,512,384,paper,9,71,419,327
paper377.jpg,512,384,paper,69,64,400,266
paper378.jpg,512,384,paper,1,13,465,384
paper379.jpg,512,384,paper,14,1,512,384
paper38.jpg,512,384,paper,54,60,512,384
paper380.jpg,512,384,paper,1,1,486,384
paper381.jpg,512,384,paper,1,1,512,384
paper382.jpg,512,384,paper,1,174,479,272
paper383.jpg,512,384,paper,55,1,451,382
paper384.jpg,512,384,paper,11,56,456,309
paper385.jpg,512,384,paper,174,100,362,295
paper386.jpg,512,384,paper,120,1,512,377
paper387.jpg,512,384,paper,154,96,298,253
paper388.jpg,512,384,paper,61,1,459,384
paper389.jpg,512,384,paper,44,98,470,304
paper39.jpg,512,384,paper,48,114,405,384
paper390.jpg,512,384,paper,23,1,512,384
paper391.jpg,512,384,paper,16,1,512,384
paper392.jpg,512,384,paper,1,1,460,384
paper393.jpg,512,384,paper,16,1,472,367
paper394.jpg,512,384,paper,54,71,382,290
paper395.jpg,512,384,paper,8,40,448,380
paper396.jpg,512,384,paper,4,1,458,384
paper397.jpg,512,384,paper,42,36,486,384
paper398.jpg,512,384,paper,62,1,361,354
paper399.jpg,512,384,paper,66,1,512,372
paper4.jpg,512,384,paper,76,8,453,354
paper40.jpg,512,384,paper,1,36,440,384
paper400.jpg,512,384,paper,41,59,477,364
paper401.jpg,512,384,paper,1,1,512,384
paper402.jpg,512,384,paper,1,1,502,363
paper403.jpg,512,384,paper,57,60,440,367
paper404.jpg,512,384,paper,1,28,436,384
paper405.jpg,512,384,paper,25,1,484,384
paper406.jpg,512,384,paper,129,226,450,384
paper407.jpg,512,384,paper,1,1,473,379
paper408.jpg,512,384,paper,1,1,444,384
paper409.jpg,512,384,paper,1,1,512,208
paper41.jpg,512,384,paper,1,1,512,384
paper410.jpg,512,384,paper,1,1,388,384
paper411.jpg,512,384,paper,1,1,512,384
paper412.jpg,512,384,paper,1,57,512,372
paper413.jpg,512,384,paper,1,1,512,384
paper414.jpg,512,384,paper,38,40,492,384
paper415.jpg,512,384,paper,18,1,455,384
paper416.jpg,512,384,paper,27,1,465,384
paper417.jpg,512,384,paper,102,63,335,331
paper418.jpg,512,384,paper,1,1,413,332
paper419.jpg,512,384,paper,106,78,358,283
paper42.jpg,512,384,paper,1,1,484,384
paper420.jpg,512,384,paper,1,1,512,332
paper421.jpg,512,384,paper,86,111,355,287
paper422.jpg,512,384,paper,25,1,390,384
paper423.jpg,512,384,paper,1,1,382,348
paper424.jpg,512,384,paper,59,1,435,336
paper425.jpg,512,384,paper,1,73,446,364
paper426.jpg,512,384,paper,73,123,461,309
paper427.jpg,512,384,paper,63,31,443,357
paper428.jpg,512,384,paper,194,86,346,266
paper429.jpg,512,384,paper,7,1,450,384
paper43.jpg,512,384,paper,1,117,496,384
paper430.jpg,512,384,paper,1,1,512,384
paper431.jpg,512,384,paper,82,32,359,361
paper432.jpg,512,384,paper,2,24,508,359
paper433.jpg,512,384,paper,1,1,443,374
paper434.jpg,512,384,paper,1,1,483,320
paper435.jpg,512,384,paper,52,1,474,384
paper436.jpg,512,384,paper,1,1,512,384
paper437.jpg,512,384,paper,24,43,458,318
paper438.jpg,512,384,paper,87,23,392,357
paper439.jpg,512,384,paper,1,1,512,384
paper44.jpg,512,384,paper,41,1,426,384
paper440.jpg,512,384,paper,1,1,512,366
paper441.jpg,512,384,paper,42,73,439,384
paper442.jpg,512,384,paper,1,121,394,384
paper443.jpg,512,384,paper,1,1,512,376
paper444.jpg,512,384,paper,39,1,441,379
paper445.jpg,512,384,paper,37,1,419,384
paper446.jpg,512,384,paper,100,66,370,384
paper447.jpg,512,384,paper,57,11,430,374
paper448.jpg,512,384,paper,1,83,498,384
paper449.jpg,512,384,paper,28,127,418,352
paper45.jpg,512,384,paper,34,70,422,298
paper450.jpg,512,384,paper,4,53,487,355
paper451.jpg,512,384,paper,1,1,512,384
paper452.jpg,512,384,paper,76,1,459,377
paper453.jpg,512,384,paper,1,8,468,314
paper454.jpg,512,384,paper,1,18,497,384
paper455.jpg,512,384,paper,1,1,512,384
paper456.jpg,512,384,paper,87,55,399,312
paper457.jpg,512,384,paper,1,1,512,378
paper458.jpg,512,384,paper,1,1,485,384
paper459.jpg,512,384,paper,1,74,512,384
paper46.jpg,512,384,paper,36,1,467,384
paper460.jpg,512,384,paper,1,1,492,384
paper461.jpg,512,384,paper,1,1,303,384
paper462.jpg,512,384,paper,1,1,512,384
paper463.jpg,512,384,paper,1,1,512,384
paper464.jpg,512,384,paper,1,1,512,384
paper465.jpg,512,384,paper,135,38,333,384
paper466.jpg,512,384,paper,1,72,512,384
paper467.jpg,512,384,paper,48,115,405,384
paper468.jpg,512,384,paper,127,88,398,292
paper469.jpg,512,384,paper,98,23,422,346
paper47.jpg,512,384,paper,17,1,512,384
paper470.jpg,512,384,paper,1,1,408,352
paper471.jpg,512,384,paper,1,32,436,373
paper472.jpg,512,384,paper,1,23,512,384
paper473.jpg,512,384,paper,30,1,418,358
paper474.jpg,512,384,paper,27,64,421,384
paper475.jpg,512,384,paper,99,55,385,264
paper48.jpg,512,384,paper,78,6,385,353
paper49.jpg,512,384,paper,1,1,497,384
paper5.jpg,512,384,paper,8,1,429,373
paper50.jpg,512,384,paper,51,40,446,347
paper51.jpg,512,384,paper,1,178,512,384
paper52.jpg,512,384,paper,107,69,360,262
paper53.jpg,512,384,paper,1,1,512,384
paper54.jpg,512,384,paper,89,116,435,313
paper55.jpg,512,384,paper,53,53,469,357
paper56.jpg,512,384,paper,1,1,481,384
paper57.jpg,512,384,paper,1,162,512,384
paper58.jpg,512,384,paper,42,54,367,312
paper59.jpg,512,384,paper,80,1,434,375
paper6.jpg,512,384,paper,126,1,512,384
paper60.jpg,512,384,paper,39,1,474,369
paper61.jpg,512,384,paper,88,1,512,384
paper62.jpg,512,384,paper,164,1,289,384
paper63.jpg,512,384,paper,10,1,480,348
paper64.jpg,512,384,paper,27,1,473,379
paper65.jpg,512,384,paper,30,29,439,362
paper66.jpg,512,384,paper,1,78,507,384
paper67.jpg,512,384,paper,20,1,473,274
paper68.jpg,512,384,paper,1,1,462,371
paper69.jpg,512,384,paper,95,37,483,384
paper7.jpg,512,384,paper,98,58,512,384
paper70.jpg,512,384,paper,78,5,374,365
paper71.jpg,512,384,paper,131,125,303,272
paper72.jpg,512,384,paper,31,3,439,380
paper73.jpg,512,384,paper,1,1,501,384
paper74.jpg,512,384,paper,1,1,463,369
paper75.jpg,512,384,paper,97,88,328,306
paper76.jpg,512,384,paper,21,1,428,384
paper77.jpg,512,384,paper,1,88,486,339
paper78.jpg,512,384,paper,55,9,378,384
paper79.jpg,512,384,paper,8,45,424,330
paper8.jpg,512,384,paper,1,1,297,384
paper80.jpg,512,384,paper,41,1,469,384
paper81.jpg,512,384,paper,1,1,512,384
paper82.jpg,512,384,paper,1,1,512,384
paper83.jpg,512,384,paper,1,1,512,384
paper84.jpg,512,384,paper,1,76,442,384
paper85.jpg,512,384,paper,1,83,512,384
paper86.jpg,512,384,paper,1,1,436,384
paper87.jpg,512,384,paper,20,89,448,384
paper88.jpg,512,384,paper,1,1,429,365
paper89.jpg,512,384,paper,27,58,420,384
paper9.jpg,512,384,paper,1,1,512,384
paper90.jpg,512,384,paper,1,1,512,384
paper91.jpg,512,384,paper,36,77,451,333
paper92.jpg,512,384,paper,17,1,409,340
paper93.jpg,512,384,paper,38,1,442,384
paper94.jpg,512,384,paper,28,48,401,384
paper95.jpg,512,384,paper,40,160,512,384
paper96.jpg,512,384,paper,74,57,436,317
paper97.jpg,512,384,paper,29,1,388,384
paper98.jpg,512,384,paper,129,115,376,299
paper99.jpg,512,384,paper,1,1,471,384
plastic1.jpg,512,384,plastic,105,107,429,286
plastic10.jpg,512,384,plastic,172,128,313,258
plastic100.jpg,512,384,plastic,192,56,394,384
plastic101.jpg,512,384,plastic,24,1,417,318
plastic102.jpg,512,384,plastic,169,93,345,268
plastic103.jpg,512,384,plastic,94,1,497,384
plastic104.jpg,512,384,plastic,193,64,403,384
plastic105.jpg,512,384,plastic,188,42,435,384
plastic106.jpg,512,384,plastic,1,107,498,303
plastic107.jpg,512,384,plastic,128,51,394,316
plastic108.jpg,512,384,plastic,79,1,449,274
plastic109.jpg,512,384,plastic,5,136,450,319
plastic11.jpg,512,384,plastic,162,142,338,229
plastic110.jpg,512,384,plastic,1,76,422,315
plastic111.jpg,512,384,plastic,1,1,413,384
plastic112.jpg,512,384,plastic,1,91,414,354
plastic113.jpg,512,384,plastic,1,1,512,346
plastic114.jpg,512,384,plastic,1,1,272,384
plastic115.jpg,512,384,plastic,1,1,512,384
plastic116.jpg,512,384,plastic,53,32,512,340
plastic117.jpg,512,384,plastic,1,59,430,384
plastic118.jpg,512,384,plastic,15,1,512,384
plastic119.jpg,512,384,plastic,1,1,508,384
plastic12.jpg,512,384,plastic,170,62,315,285
plastic120.jpg,512,384,plastic,1,14,429,363
plastic121.jpg,512,384,plastic,27,48,360,380
plastic122.jpg,512,384,plastic,205,1,349,320
plastic123.jpg,512,384,plastic,1,15,421,384
plastic124.jpg,512,384,plastic,1,34,486,350
plastic125.jpg,512,384,plastic,1,9,512,366
plastic126.jpg,512,384,plastic,205,4,423,316
plastic127.jpg,512,384,plastic,221,85,473,270
plastic128.jpg,512,384,plastic,47,207,503,374
plastic129.jpg,512,384,plastic,68,178,354,335
plastic13.jpg,512,384,plastic,137,82,427,273
plastic130.jpg,512,384,plastic,94,102,385,316
plastic131.jpg,512,384,plastic,113,105,311,298
plastic132.jpg,512,384,plastic,1,21,355,384
plastic133.jpg,512,384,plastic,1,1,512,337
plastic134.jpg,512,384,plastic,66,109,499,292
plastic135.jpg,512,384,plastic,158,88,340,266
plastic136.jpg,512,384,plastic,127,105,299,303
plastic137.jpg,512,384,plastic,26,13,512,384
plastic138.jpg,512,384,plastic,116,105,351,247
plastic139.jpg,512,384,plastic,1,144,461,384
plastic14.jpg,512,384,plastic,52,1,441,303
plastic140.jpg,512,384,plastic,64,1,437,384
plastic141.jpg,512,384,plastic,85,4,464,367
plastic142.jpg,512,384,plastic,96,1,332,368
plastic143.jpg,512,384,plastic,24,1,465,368
plastic144.jpg,512,384,plastic,1,1,489,384
plastic145.jpg,512,384,plastic,39,148,490,294
plastic146.jpg,512,384,plastic,1,1,512,172
plastic147.jpg,512,384,plastic,74,40,412,333
plastic148.jpg,512,384,plastic,42,101,407,384
plastic149.jpg,512,384,plastic,132,1,512,381
plastic15.jpg,512,384,plastic,58,62,453,328
plastic150.jpg,512,384,plastic,154,149,370,254
plastic151.jpg,512,384,plastic,46,110,485,287
plastic152.jpg,512,384,plastic,1,1,512,296
plastic153.jpg,512,384,plastic,187,109,292,261
plastic154.jpg,512,384,plastic,195,147,285,221
plastic155.jpg,512,384,plastic,1,1,434,384
plastic156.jpg,512,384,plastic,71,1,512,384
plastic157.jpg,512,384,plastic,166,77,509,384
plastic158.jpg,512,384,plastic,12,1,447,285
plastic159.jpg,512,384,plastic,1,25,512,384
plastic16.jpg,512,384,plastic,1,1,389,349
plastic160.jpg,512,384,plastic,1,1,454,384
plastic161.jpg,512,384,plastic,7,1,468,332
plastic162.jpg,512,384,plastic,1,1,512,195
plastic163.jpg,512,384,plastic,25,51,387,323
plastic164.jpg,512,384,plastic,1,88,479,384
plastic165.jpg,512,384,plastic,17,128,497,334
plastic166.jpg,512,384,plastic,1,1,397,293
plastic167.jpg,512,384,plastic,147,17,327,344
plastic168.jpg,512,384,plastic,35,4,434,379
plastic169.jpg,512,384,plastic,9,127,484,276
plastic17.jpg,512,384,plastic,111,88,374,343
plastic170.jpg,512,384,plastic,111,111,301,290
plastic171.jpg,512,384,plastic,75,37,426,348
plastic172.jpg,512,384,plastic,52,85,367,288
plastic173.jpg,512,384,plastic,108,62,384,331
plastic174.jpg,512,384,plastic,114,69,385,262
plastic175.jpg,512,384,plastic,24,1,512,340
plastic176.jpg,512,384,plastic,154,144,257,283
plastic177.jpg,512,384,plastic,111,153,248,239
plastic178.jpg,512,384,plastic,122,145,256,230
plastic179.jpg,512,384,plastic,147,129,269,284
plastic18.jpg,512,384,plastic,23,1,484,337
plastic180.jpg,512,384,plastic,169,100,283,240
plastic181.jpg,512,384,plastic,155,125,282,245
plastic182.jpg,512,384,plastic,171,161,292,281
plastic183.jpg,512,384,plastic,96,128,295,293
plastic184.jpg,512,384,plastic,141,67,386,323
plastic185.jpg,512,384,plastic,167,24,278,304
plastic186.jpg,512,384,plastic,1,1,512,384
plastic187.jpg,512,384,plastic,13,89,308,278
plastic188.jpg,512,384,plastic,54,89,359,299
plastic189.jpg,512,384,plastic,44,98,476,299
plastic19.jpg,512,384,plastic,147,84,328,265
plastic190.jpg,512,384,plastic,1,37,512,384
plastic191.jpg,512,384,plastic,183,131,512,347
plastic192.jpg,512,384,plastic,75,1,481,372
plastic193.jpg,512,384,plastic,49,49,464,294
plastic194.jpg,512,384,plastic,27,1,512,350
plastic195.jpg,512,384,plastic,175,100,512,384
plastic196.jpg,512,384,plastic,1,1,356,328
plastic197.jpg,512,384,plastic,20,56,476,290
plastic198.jpg,512,384,plastic,8,1,479,380
plastic199.jpg,512,384,plastic,141,14,385,373
plastic2.jpg,512,384,plastic,41,110,481,261
plastic20.jpg,512,384,plastic,83,26,381,347
plastic200.jpg,512,384,plastic,208,95,382,384
plastic201.jpg,512,384,plastic,90,1,467,371
plastic202.jpg,512,384,plastic,68,92,462,268
plastic203.jpg,512,384,plastic,59,1,414,384
plastic204.jpg,512,384,plastic,1,1,512,369
plastic205.jpg,512,384,plastic,1,34,383,355
plastic206.jpg,512,384,plastic,53,112,468,384
plastic207.jpg,512,384,plastic,1,1,463,355
plastic208.jpg,512,384,plastic,100,118,512,342
plastic209.jpg,512,384,plastic,125,47,420,384
plastic21.jpg,512,384,plastic,77,97,512,309
plastic210.jpg,512,384,plastic,1,1,407,384
plastic211.jpg,512,384,plastic,33,1,463,308
plastic212.jpg,512,384,plastic,80,1,485,374
plastic213.jpg,512,384,plastic,113,28,361,324
plastic214.jpg,512,384,plastic,11,60,512,384
plastic215.jpg,512,384,plastic,143,144,476,384
plastic216.jpg,512,384,plastic,34,7,512,384
plastic217.jpg,512,384,plastic,252,152,512,348
plastic218.jpg,512,384,plastic,28,1,512,338
plastic219.jpg,512,384,plastic,93,43,429,384
plastic22.jpg,512,384,plastic,168,49,413,285
plastic220.jpg,512,384,plastic,109,79,502,332
plastic221.jpg,512,384,plastic,184,48,512,384
plastic222.jpg,512,384,plastic,209,193,460,384
plastic223.jpg,512,384,plastic,103,1,512,384
plastic224.jpg,512,384,plastic,32,28,475,317
plastic225.jpg,512,384,plastic,1,74,512,384
plastic226.jpg,512,384,plastic,5,59,451,352
plastic227.jpg,512,384,plastic,66,8,489,305
plastic228.jpg,512,384,plastic,117,8,433,319
plastic229.jpg,512,384,plastic,160,58,358,258
plastic23.jpg,512,384,plastic,179,108,345,261
plastic230.jpg,512,384,plastic,41,110,398,288
plastic231.jpg,512,384,plastic,1,1,501,307
plastic232.jpg,512,384,plastic,128,107,512,361
plastic233.jpg,512,384,plastic,135,138,379,384
plastic234.jpg,512,384,plastic,77,107,435,292
plastic235.jpg,512,384,plastic,47,1,512,357
plastic236.jpg,512,384,plastic,112,62,427,268
plastic237.jpg,512,384,plastic,62,101,463,326
plastic238.jpg,512,384,plastic,1,26,512,384
plastic239.jpg,512,384,plastic,65,1,395,255
plastic24.jpg,512,384,plastic,210,1,512,185
plastic240.jpg,512,384,plastic,38,30,439,289
plastic241.jpg,512,384,plastic,1,93,475,307
plastic242.jpg,512,384,plastic,55,106,460,384
plastic243.jpg,512,384,plastic,1,51,512,384
plastic244.jpg,512,384,plastic,6,77,484,368
plastic245.jpg,512,384,plastic,93,35,417,337
plastic246.jpg,512,384,plastic,1,1,512,327
plastic247.jpg,512,384,plastic,94,107,494,384
plastic248.jpg,512,384,plastic,23,10,408,368
plastic249.jpg,512,384,plastic,105,47,370,295
plastic25.jpg,512,384,plastic,1,1,512,384
plastic250.jpg,512,384,plastic,1,1,420,310
plastic251.jpg,512,384,plastic,1,67,483,225
plastic252.jpg,512,384,plastic,82,119,466,384
plastic253.jpg,512,384,plastic,46,1,406,308
plastic254.jpg,512,384,plastic,11,105,512,384
plastic255.jpg,512,384,plastic,150,39,440,384
plastic256.jpg,512,384,plastic,186,103,364,281
plastic257.jpg,512,384,plastic,2,104,512,291
plastic258.jpg,512,384,plastic,140,20,512,384
plastic259.jpg,512,384,plastic,157,47,411,300
plastic26.jpg,512,384,plastic,187,98,358,263
plastic260.jpg,512,384,plastic,211,48,512,306
plastic261.jpg,512,384,plastic,64,1,399,323
plastic262.jpg,512,384,plastic,156,103,460,384
plastic263.jpg,512,384,plastic,115,1,480,384
plastic264.jpg,512,384,plastic,96,131,512,384
plastic265.jpg,512,384,plastic,149,1,336,250
plastic266.jpg,512,384,plastic,81,87,370,245
plastic267.jpg,512,384,plastic,39,1,512,285
plastic268.jpg,512,384,plastic,1,88,512,384
plastic269.jpg,512,384,plastic,112,109,433,315
plastic27.jpg,512,384,plastic,46,25,453,295
plastic270.jpg,512,384,plastic,139,45,392,296
plastic271.jpg,512,384,plastic,89,103,494,384
plastic272.jpg,512,384,plastic,12,99,512,321
plastic273.jpg,512,384,plastic,78,1,476,353
plastic274.jpg,512,384,plastic,179,50,354,384
plastic275.jpg,512,384,plastic,116,85,408,299
plastic276.jpg,512,384,plastic,164,74,350,384
plastic277.jpg,512,384,plastic,153,1,387,286
plastic278.jpg,512,384,plastic,176,99,398,384
plastic279.jpg,512,384,plastic,1,1,508,344
plastic28.jpg,512,384,plastic,131,1,512,384
plastic280.jpg,512,384,plastic,39,80,498,324
plastic281.jpg,512,384,plastic,1,140,512,384
plastic282.jpg,512,384,plastic,1,1,487,384
plastic283.jpg,512,384,plastic,61,1,431,328
plastic284.jpg,512,384,plastic,21,1,512,384
plastic285.jpg,512,384,plastic,88,40,506,384
plastic286.jpg,512,384,plastic,78,42,425,384
plastic287.jpg,512,384,plastic,68,97,451,253
plastic288.jpg,512,384,plastic,171,31,424,384
plastic289.jpg,512,384,plastic,145,1,359,384
plastic29.jpg,512,384,plastic,181,18,512,384
plastic290.jpg,512,384,plastic,213,148,461,384
plastic291.jpg,512,384,plastic,1,71,460,309
plastic292.jpg,512,384,plastic,81,57,469,279
plastic293.jpg,512,384,plastic,150,1,448,350
plastic294.jpg,512,384,plastic,187,102,387,287
plastic295.jpg,512,384,plastic,148,79,354,384
plastic296.jpg,512,384,plastic,22,124,508,301
plastic297.jpg,512,384,plastic,1,37,371,378
plastic298.jpg,512,384,plastic,33,67,446,224
plastic299.jpg,512,384,plastic,100,72,383,384
plastic3.jpg,512,384,plastic,103,75,388,283
plastic30.jpg,512,384,plastic,29,1,438,297
plastic300.jpg,512,384,plastic,31,103,459,278
plastic301.jpg,512,384,plastic,146,118,488,384
plastic302.jpg,512,384,plastic,52,128,512,337
plastic303.jpg,512,384,plastic,232,181,387,384
plastic304.jpg,512,384,plastic,1,35,148,384
plastic305.jpg,512,384,plastic,51,1,480,311
plastic306.jpg,512,384,plastic,112,1,405,320
plastic307.jpg,512,384,plastic,128,19,392,290
plastic308.jpg,512,384,plastic,132,55,408,384
plastic309.jpg,512,384,plastic,247,122,512,384
plastic31.jpg,512,384,plastic,169,40,403,272
plastic310.jpg,512,384,plastic,1,1,512,339
plastic311.jpg,512,384,plastic,33,134,388,384
plastic312.jpg,512,384,plastic,108,1,512,384
plastic313.jpg,512,384,plastic,99,67,427,278
plastic314.jpg,512,384,plastic,53,8,394,369
plastic315.jpg,512,384,plastic,117,71,395,283
plastic316.jpg,512,384,plastic,94,124,449,384
plastic317.jpg,512,384,plastic,132,33,420,318
plastic318.jpg,512,384,plastic,56,1,398,337
plastic319.jpg,512,384,plastic,43,40,453,317
plastic32.jpg,512,384,plastic,103,1,431,367
plastic320.jpg,512,384,plastic,1,1,512,378
plastic321.jpg,512,384,plastic,74,101,481,384
plastic322.jpg,512,384,plastic,66,1,453,331
plastic323.jpg,512,384,plastic,146,46,414,313
plastic324.jpg,512,384,plastic,157,40,477,384
plastic325.jpg,512,384,plastic,119,63,347,384
plastic326.jpg,512,384,plastic,54,52,444,312
plastic327.jpg,512,384,plastic,193,159,398,384
plastic328.jpg,512,384,plastic,98,17,447,368
plastic329.jpg,512,384,plastic,94,1,452,346
plastic33.jpg,512,384,plastic,88,68,373,353
plastic330.jpg,512,384,plastic,45,1,440,384
plastic331.jpg,512,384,plastic,129,118,466,256
plastic332.jpg,512,384,plastic,131,38,457,384
plastic333.jpg,512,384,plastic,92,1,445,348
plastic334.jpg,512,384,plastic,37,49,466,231
plastic335.jpg,512,384,plastic,140,64,490,384
plastic336.jpg,512,384,plastic,145,70,353,255
plastic337.jpg,512,384,plastic,62,1,461,300
plastic338.jpg,512,384,plastic,91,83,215,266
plastic339.jpg,512,384,plastic,83,35,490,384
plastic34.jpg,512,384,plastic,229,1,363,255
plastic340.jpg,512,384,plastic,39,95,487,357
plastic341.jpg,512,384,plastic,155,1,512,287
plastic342.jpg,512,384,plastic,174,63,470,384
plastic343.jpg,512,384,plastic,13,138,512,384
plastic344.jpg,512,384,plastic,1,30,512,384
plastic345.jpg,512,384,plastic,123,74,462,384
plastic346.jpg,512,384,plastic,34,118,453,273
plastic347.jpg,512,384,plastic,116,1,512,384
plastic348.jpg,512,384,plastic,139,68,352,282
plastic349.jpg,512,384,plastic,202,8,512,371
plastic35.jpg,512,384,plastic,197,96,404,304
plastic350.jpg,512,384,plastic,217,46,422,384
plastic351.jpg,512,384,plastic,55,108,477,307
plastic352.jpg,512,384,plastic,1,1,391,384
plastic353.jpg,512,384,plastic,127,107,414,221
plastic354.jpg,512,384,plastic,92,30,512,384
plastic355.jpg,512,384,plastic,91,74,512,384
plastic356.jpg,512,384,plastic,154,1,368,336
plastic357.jpg,512,384,plastic,141,127,455,384
plastic358.jpg,512,384,plastic,34,158,474,299
plastic359.jpg,512,384,plastic,75,130,416,269
plastic36.jpg,512,384,plastic,29,48,472,350
plastic360.jpg,512,384,plastic,105,99,404,252
plastic361.jpg,512,384,plastic,147,117,359,295
plastic362.jpg,512,384,plastic,190,1,512,228
plastic363.jpg,512,384,plastic,110,115,319,295
plastic364.jpg,512,384,plastic,1,5,512,384
plastic365.jpg,512,384,plastic,111,43,474,384
plastic366.jpg,512,384,plastic,50,23,474,384
plastic367.jpg,512,384,plastic,180,1,448,336
plastic368.jpg,512,384,plastic,1,1,512,384
plastic369.jpg,512,384,plastic,97,1,512,384
plastic37.jpg,512,384,plastic,1,47,512,345
plastic370.jpg,512,384,plastic,65,117,454,267
plastic371.jpg,512,384,plastic,123,1,453,384
plastic372.jpg,512,384,plastic,214,1,512,262
plastic373.jpg,512,384,plastic,136,34,456,294
plastic374.jpg,512,384,plastic,73,105,445,233
plastic375.jpg,512,384,plastic,75,138,431,356
plastic376.jpg,512,384,plastic,44,76,474,384
plastic377.jpg,512,384,plastic,119,21,383,288
plastic378.jpg,512,384,plastic,251,20,402,374
plastic379.jpg,512,384,plastic,88,89,453,245
plastic38.jpg,512,384,plastic,135,77,512,384
plastic380.jpg,512,384,plastic,81,102,396,302
plastic381.jpg,512,384,plastic,66,101,450,250
plastic382.jpg,512,384,plastic,17,55,486,249
plastic383.jpg,512,384,plastic,111,130,452,261
plastic384.jpg,512,384,plastic,138,1,421,351
plastic385.jpg,512,384,plastic,150,64,376,289
plastic39.jpg,512,384,plastic,1,78,512,384
plastic4.jpg,512,384,plastic,91,55,375,299
plastic40.jpg,512,384,plastic,1,1,429,324
plastic41.jpg,512,384,plastic,113,52,373,311
plastic42.jpg,512,384,plastic,112,8,512,340
plastic43.jpg,512,384,plastic,234,113,397,282
plastic44.jpg,512,384,plastic,145,15,428,354
plastic45.jpg,512,384,plastic,153,134,441,384
plastic46.jpg,512,384,plastic,111,124,512,384
plastic47.jpg,512,384,plastic,109,128,381,224
plastic48.jpg,512,384,plastic,228,1,512,376
plastic49.jpg,512,384,plastic,31,105,466,276
plastic5.jpg,512,384,plastic,171,54,294,297
plastic50.jpg,512,384,plastic,59,1,446,360
plastic51.jpg,512,384,plastic,35,97,326,384
plastic52.jpg,512,384,plastic,145,86,361,305
plastic53.jpg,512,384,plastic,65,28,482,384
plastic54.jpg,512,384,plastic,1,1,512,384
plastic55.jpg,512,384,plastic,1,1,377,384
plastic56.jpg,512,384,plastic,112,19,431,330
plastic57.jpg,512,384,plastic,171,69,479,384
plastic58.jpg,512,384,plastic,199,79,480,384
plastic59.jpg,512,384,plastic,48,1,454,309
plastic6.jpg,512,384,plastic,101,44,326,340
plastic60.jpg,512,384,plastic,46,155,418,281
plastic61.jpg,512,384,plastic,141,44,446,348
plastic62.jpg,512,384,plastic,119,23,396,384
plastic63.jpg,512,384,plastic,122,86,405,369
plastic64.jpg,512,384,plastic,73,47,411,282
plastic65.jpg,512,384,plastic,103,141,333,384
plastic66.jpg,512,384,plastic,27,1,512,314
plastic67.jpg,512,384,plastic,43,62,465,384
plastic68.jpg,512,384,plastic,129,1,512,273
plastic69.jpg,512,384,plastic,18,37,435,269
plastic7.jpg,512,384,plastic,47,95,319,283
plastic70.jpg,512,384,plastic,1,157,436,384
plastic71.jpg,512,384,plastic,37,35,462,309
plastic72.jpg,512,384,plastic,144,32,398,287
plastic73.jpg,512,384,plastic,182,46,342,384
plastic74.jpg,512,384,plastic,106,1,472,384
plastic75.jpg,512,384,plastic,141,1,434,300
plastic76.jpg,512,384,plastic,179,96,397,313
plastic77.jpg,512,384,plastic,145,22,451,320
plastic78.jpg,512,384,plastic,1,74,512,384
plastic79.jpg,512,384,plastic,1,1,450,384
plastic8.jpg,512,384,plastic,137,50,421,329
plastic80.jpg,512,384,plastic,63,79,478,322
plastic81.jpg,512,384,plastic,1,1,390,384
plastic82.jpg,512,384,plastic,55,1,512,384
plastic83.jpg,512,384,plastic,176,1,512,294
plastic84.jpg,512,384,plastic,153,1,512,384
plastic85.jpg,512,384,plastic,214,34,485,303
plastic86.jpg,512,384,plastic,1,97,512,384
plastic87.jpg,512,384,plastic,1,1,512,309
plastic88.jpg,512,384,plastic,113,1,478,384
plastic89.jpg,512,384,plastic,58,56,512,384
plastic9.jpg,512,384,plastic,169,148,320,245
plastic90.jpg,512,384,plastic,152,51,409,313
plastic91.jpg,512,384,plastic,208,38,394,384
plastic92.jpg,512,384,plastic,2,51,512,384
plastic93.jpg,512,384,plastic,135,73,399,384
plastic94.jpg,512,384,plastic,71,123,454,279
plastic95.jpg,512,384,plastic,1,87,512,312
plastic96.jpg,512,384,plastic,118,78,453,276
plastic97.jpg,512,384,plastic,67,58,349,315
plastic98.jpg,512,384,plastic,133,60,368,292
plastic99.jpg,512,384,plastic,66,51,324,274
